<?xml version="1.0" encoding="utf-8"?>
<COLLADA xmlns="http://www.collada.org/2005/11/COLLADASchema" version="1.4.1" xmlns:xsi="http://www.w3.org/2001/XMLSchema-instance">
  <asset>
    <contributor>
      <author>Blender User</author>
      <authoring_tool>Blender 4.0.2 commit date:2023-12-05, commit time:07:41, hash:9be62e85b727</authoring_tool>
    </contributor>
    <created>2024-05-26T19:28:08</created>
    <modified>2024-05-26T19:28:08</modified>
    <unit name="meter" meter="1"/>
    <up_axis>Z_UP</up_axis>
  </asset>
  <library_effects>
    <effect id="off_road_lights_glass_highbeam-effect">
      <profile_COMMON>
        <technique sid="common">
          <lambert>
            <emission>
              <color sid="emission">0 0 0 1</color>
            </emission>
            <diffuse>
              <color sid="diffuse">0.8 0.8 0.8 1</color>
            </diffuse>
            <index_of_refraction>
              <float sid="ior">1.45</float>
            </index_of_refraction>
          </lambert>
        </technique>
      </profile_COMMON>
    </effect>
    <effect id="off_road_lights-effect">
      <profile_COMMON>
        <technique sid="common">
          <lambert>
            <emission>
              <color sid="emission">0 0 0 1</color>
            </emission>
            <diffuse>
              <color sid="diffuse">0.8 0.8 0.8 1</color>
            </diffuse>
            <index_of_refraction>
              <float sid="ior">1.45</float>
            </index_of_refraction>
          </lambert>
        </technique>
      </profile_COMMON>
    </effect>
  </library_effects>
  <library_images/>
  <library_materials>
    <material id="off_road_lights_glass_highbeam-material" name="off_road_lights_glass_highbeam">
      <instance_effect url="#off_road_lights_glass_highbeam-effect"/>
    </material>
    <material id="off_road_lights-material" name="off_road_lights">
      <instance_effect url="#off_road_lights-effect"/>
    </material>
  </library_materials>
  <library_geometries>
    <geometry id="Mesh_403-mesh" name="Mesh.403">
      <mesh>
        <source id="Mesh_403-mesh-positions">
          <float_array id="Mesh_403-mesh-positions-array" count="849">0.04057461 -0.02815228 7.18719e-4 0.05040872 -0.02757793 7.18719e-4 0.03725129 0.02705609 7.18719e-4 0.01560127 0.02813279 7.18719e-4 0.03119623 0.001523554 7.18719e-4 0.03119623 0.00152707 7.18719e-4 0.02253228 0.02813279 7.18719e-4 0.03412938 0.02782267 7.18719e-4 0.04301851 -0.01005953 0.02255254 0.03762125 -0.01005953 0.02611857 0.03119629 0.0247032 0.02177834 0.03480744 0.02470469 0.01939189 0.03119623 0.02813279 0.01226186 0.03119623 0.02813279 0.007252216 0.03444474 0.02775281 0.007010936 0.03349971 0.02780795 0.01262438 0.006937444 0.02813279 0.01784259 0.04057461 -0.02815228 0.01541316 0.05040872 -0.02757793 0.01313501 0.04662477 -0.01005953 0.0172156 0.03841012 0.02470636 0.01405948 0.04789102 -0.01005953 0.01092022 0.03967499 0.0247069 0.007769584 0.03381335 -0.01351588 0.02952462 0.04016405 -0.01351588 0.02827376 0.04020744 -0.02757787 0.02827727 0.03388303 -0.02757787 0.02952462 0.04554814 -0.01351588 0.02471143 0.0455684 -0.02757793 0.02472418 0.04914563 -0.01351588 0.01938009 0.049151 -0.02757793 0.01940727 0.05040872 -0.01351588 0.01309132 0.0402283 -0.02815228 0.01705014 0.03924143 -0.02815228 0.01843756 0.03776508 -0.02815228 0.01936501 0.03602325 -0.02815228 0.01969051 0.03732776 -0.02534461 0.01865303 0.03585511 -0.02534461 0.0189346 0.03857618 -0.02534461 0.01785123 0.03941029 -0.02534461 0.01665127 0.03970319 -0.02534461 0.01523578 0.03119629 0.00152117 0.02631336 0.01560127 0.02470082 0.02420628 0.02253228 0.02470082 0.02420628 0.02253228 0.00152117 0.0266627 0.01560127 0.00152117 0.0266627 0.03125482 -0.01005953 0.02737081 0.03725129 0.02705609 0.00733906 0.03609025 0.02705574 0.01311147 0.03288066 0.02712869 0.01786178 0.03119629 0.02791166 0.01573199 0.03119629 0.02712833 0.01897478 0.02253228 0.02813279 0.01764518 0.02253228 0.02712768 0.02212995 0.01560127 0.02712768 0.02219176 0.01560127 0.02813279 0.01784259 0.006937444 0.02712768 0.02219176 0.006937444 0.02470082 0.02420628 0.006937444 0.00152117 0.0266627 0.03119623 0.001525104 7.18719e-4 0.0430184 -0.01005953 -0.021115 0.03480744 0.02470469 -0.01795434 0.03119623 0.02470314 -0.0203408 0.03762125 -0.01005953 -0.02468109 0.03119623 0.02813279 -0.01082432 0.03349971 0.02780795 -0.01118683 0.03444474 0.02775281 -0.005573391 0.03119623 0.02813279 -0.005814671 0.006937444 0.02813279 -0.01640504 0.006937444 0.02813279 7.18783e-4 0.04057461 -0.02815228 -0.01397562 0.05040872 -0.02757793 -0.01169753 0.04662472 -0.01005953 -0.01577806 0.03841012 0.02470636 -0.01262187 0.04789102 -0.01005953 -0.009482681 0.03967499 0.0247069 -0.006332039 0.03381335 -0.01351594 -0.02808713 0.03388303 -0.02757793 -0.02808707 0.04020738 -0.02757793 -0.02683979 0.04016399 -0.01351594 -0.02683621 0.0455684 -0.02757793 -0.02328664 0.04554802 -0.01351594 -0.02327394 0.049151 -0.02757793 -0.01796972 0.04914551 -0.01351588 -0.01794254 0.05040872 -0.01351588 -0.01165378 0.04022824 -0.02815228 -0.0156126 0.03924143 -0.02815228 -0.01700007 0.03776508 -0.02815228 -0.01792746 0.03602325 -0.02815228 -0.01825296 0.03585511 -0.02534461 -0.01749706 0.03732776 -0.02534461 -0.01721549 0.03857606 -0.02534461 -0.01641368 0.03941017 -0.02534461 -0.01521372 0.03970301 -0.02534461 -0.01379829 0.03119623 0.00152117 -0.02487587 0.01560127 0.02470082 -0.02276873 0.01560127 0.00152117 -0.02522516 0.02253228 0.00152117 -0.02522516 0.02253228 0.02470082 -0.02276873 0.03125482 -0.01005953 -0.02593332 0.03609025 0.02705574 -0.01167386 0.03725129 0.02705609 -0.005901515 0.0328806 0.02712863 -0.01642423 0.03119629 0.02791166 -0.01429444 0.03119623 0.02712833 -0.01753723 0.02253228 0.02813279 -0.01620763 0.01560127 0.02813279 -0.01640504 0.01560127 0.02712762 -0.02075421 0.02253228 0.02712762 -0.02069234 0.006937444 0.02712762 -0.02075421 0.006937444 0.02470082 -0.02276873 0.03967499 0.0247069 7.18719e-4 0.01560127 0.00152117 7.18719e-4 0.006937444 0.00152117 7.18719e-4 0.006937444 0.00152117 -0.02522516 0.02253228 0.00152117 7.18719e-4 0.03119629 0.02813279 7.18719e-4 0.03119623 0.001525104 7.18719e-4 0.04789102 -0.01005971 7.18719e-4 0.05040872 -0.01351588 7.18719e-4 0.03982061 -0.02534425 7.18719e-4 -0.0430063 -0.01005953 0.0225526 -0.03479516 0.02470469 0.01939189 -0.03118401 0.0247032 0.0217784 -0.03760898 -0.01005953 0.02611863 -0.03118401 0.02813279 0.01226192 -0.03348749 0.02780795 0.01262444 -0.03443247 0.02775281 0.007010996 -0.03118401 0.02813279 0.007252275 6.05802e-6 0.02813279 0.01784259 -0.006925165 0.02813279 0.01784259 -0.006925225 0.02813279 7.18783e-4 6.05802e-6 0.02813279 7.18783e-4 -0.04056233 -0.02815228 0.01541316 -0.04056233 -0.02815228 7.18783e-4 -0.05039644 -0.02757793 7.18783e-4 -0.05039644 -0.02757793 0.01313507 -0.04661244 -0.01005953 0.01721566 -0.03839778 0.02470636 0.01405948 -0.04787874 -0.01005953 0.01092028 -0.03966271 0.0247069 0.007769644 -0.03380107 -0.01351588 0.02952468 -0.03387069 -0.02757787 0.02952468 -0.04019516 -0.02757787 0.02827733 -0.04015189 -0.01351588 0.02827376 -0.04555612 -0.02757793 0.02472424 -0.0455358 -0.01351588 0.02471148 -0.04913872 -0.02757793 0.01940733 -0.0491333 -0.01351588 0.01938015 -0.05039644 -0.01351588 0.01309138 -0.04021602 -0.02815228 0.01705014 -0.03922915 -0.02815228 0.01843762 -0.0377528 -0.02815228 0.01936507 -0.03601098 -0.02815228 0.01969057 -0.03584283 -0.02534461 0.0189346 -0.03731548 -0.02534461 0.01865303 -0.03856384 -0.02534461 0.01785129 -0.03939795 -0.02534461 0.01665127 -0.03969085 -0.02534461 0.01523584 -0.03118401 0.00152117 0.02631342 -0.01558899 0.02470082 0.02420628 -0.01558899 0.00152117 0.02666276 -0.02252 0.00152117 0.02666276 -0.02252 0.02470082 0.02420628 -0.03124254 -0.01005953 0.02737087 -0.03607797 0.02705574 0.01311147 -0.03723907 0.02705609 0.007339119 -0.03286826 0.02712869 0.01786184 -0.03118401 0.02791166 0.01573204 -0.03118401 0.02712833 0.01897484 -0.02252 0.02813279 0.01764518 -0.01558899 0.02813279 0.01784259 -0.01558899 0.02712768 0.02219182 -0.02252 0.02712768 0.02212995 -0.006925165 0.02712768 0.02219182 6.05802e-6 0.02712768 0.02219182 6.05802e-6 0.02470082 0.02420628 -0.006925165 0.02470082 0.02420628 -0.03966271 0.0247069 7.18783e-4 -0.03723907 0.02705609 7.18783e-4 -0.01558899 0.00152117 7.18783e-4 -0.006925225 0.00152117 7.18783e-4 -0.006925165 0.00152117 0.02666276 -0.01558899 0.02813279 7.18783e-4 -0.03118401 0.001523554 7.18783e-4 -0.02252 0.00152117 7.18783e-4 -0.03118401 0.02813279 7.18783e-4 -0.03118401 0.00152707 7.18783e-4 6.05802e-6 -0.02815228 0.01969051 6.05802e-6 -0.01351588 0.02952468 6.05802e-6 -0.02757787 0.02952468 6.11762e-6 -0.01005953 0.02737087 6.05802e-6 0.00152117 0.02666276 -0.02252 0.02813279 7.18783e-4 -0.03118401 0.001525104 7.18783e-4 -0.03411704 0.02782267 7.18783e-4 -0.04787874 -0.01005971 7.18783e-4 -0.05039644 -0.01351588 7.18783e-4 -0.03980827 -0.02534425 7.18783e-4 -0.0430063 -0.01005953 -0.021115 -0.03760898 -0.01005953 -0.02468103 -0.03118401 0.02470314 -0.02034074 -0.03479516 0.02470469 -0.01795428 -0.03118401 0.02813279 -0.01082432 -0.03118401 0.02813279 -0.005814671 -0.03443247 0.02775281 -0.005573332 -0.03348749 0.02780795 -0.01118677 6.05802e-6 0.02813279 -0.01640498 -0.006925225 0.02813279 -0.01640498 -0.04056233 -0.02815228 -0.01397556 -0.05039644 -0.02757793 -0.01169747 -0.04661244 -0.01005953 -0.01577806 -0.03839778 0.02470636 -0.01262187 -0.04787874 -0.01005953 -0.009482681 -0.03966271 0.0247069 -0.00633198 -0.03380107 -0.01351594 -0.02808707 -0.04015189 -0.01351594 -0.02683615 -0.04019516 -0.02757793 -0.02683979 -0.03387069 -0.02757793 -0.02808707 -0.0455358 -0.01351594 -0.02327388 -0.04555612 -0.02757793 -0.02328658 -0.0491333 -0.01351588 -0.01794248 -0.04913872 -0.02757793 -0.01796972 -0.05039644 -0.01351588 -0.01165372 -0.04021602 -0.02815228 -0.01561254 -0.03922915 -0.02815228 -0.01700001 -0.0377528 -0.02815228 -0.01792746 -0.03601098 -0.02815228 -0.0182529 -0.03731548 -0.02534461 -0.01721543 -0.03584283 -0.02534461 -0.01749706 -0.03856384 -0.02534461 -0.01641368 -0.03939795 -0.02534461 -0.01521366 -0.03969085 -0.02534461 -0.01379823 -0.03118401 0.00152117 -0.02487581 -0.01558899 0.02470082 -0.02276867 -0.02252 0.02470082 -0.02276867 -0.02252 0.00152117 -0.02522516 -0.01558899 0.00152117 -0.02522516 -0.03124254 -0.01005953 -0.02593326 -0.03723907 0.02705609 -0.005901455 -0.03607797 0.02705574 -0.01167386 -0.03286826 0.02712863 -0.01642423 -0.03118401 0.02791166 -0.01429438 -0.03118401 0.02712833 -0.01753717 -0.02252 0.02813279 -0.01620757 -0.02252 0.02712762 -0.02069234 -0.01558899 0.02712762 -0.02075415 -0.01558899 0.02813279 -0.01640498 -0.006925225 0.02712762 -0.02075415 -0.006925225 0.02470082 -0.02276867 6.05802e-6 0.02470082 -0.02276867 6.05802e-6 0.02712762 -0.02075415 -0.006925225 0.00152117 -0.02522516 6.05802e-6 -0.02815228 -0.0182529 6.05802e-6 -0.02757793 -0.02808707 6.05802e-6 -0.01351594 -0.02808707 6.05802e-6 -0.01005953 -0.02593326 6.05802e-6 0.00152117 -0.02522516 -0.03118401 0.001525104 7.18783e-4 0.02222841 -0.02577573 -0.02681195 0.01946759 -0.02552396 -0.02730852 0.01946169 2.93593e-4 -0.02304226 0.02224099 1.00713e-4 -0.02256065 -0.01964968 -0.02552431 -0.02730846 -0.02241069 -0.02577602 -0.02681189 -0.0224232 1.00379e-4 -0.02256059 -0.01964354 2.9325e-4 -0.0230422 5.8643e-6 -0.02534478 -0.01587754 5.8643e-6 -0.02534478 0.01757025 0.005308866 -0.02534484 -0.01587748 0.03635674 -0.02534484 -0.01587748 0.03635674 -0.02534478 0.01757025 0.005308866 -0.02534478 0.01757025 -0.03650355 -0.02534478 -0.01587748 -0.00545597 -0.02534478 -0.01587754 -0.00545597 -0.02534478 0.01757025 -0.03650355 -0.02534478 0.01757025 5.8643e-6 -0.02534425 -0.01743608 0.03957813 -0.02534478 -0.01850408 0.03957813 -0.02534478 0.02019679 5.94999e-6 -0.02534431 0.01887369 -0.03972518 -0.02534472 -0.01850408 -0.03972518 -0.02534472 0.02019679</float_array>
          <technique_common>
            <accessor source="#Mesh_403-mesh-positions-array" count="283" stride="3">
              <param name="X" type="float"/>
              <param name="Y" type="float"/>
              <param name="Z" type="float"/>
            </accessor>
          </technique_common>
        </source>
        <source id="Mesh_403-mesh-normals">
          <float_array id="Mesh_403-mesh-normals-array" count="1332">0.6174696 0.4736906 0.627972 0.4043077 0.1632277 0.89994 0.6935163 0.2259981 0.684076 0.1991022 0.9772812 0.072663 0.1195192 0.9928242 0.003905892 0.127596 0.9913208 0.03165972 0 1 0 0 0.9935593 0.1133142 6.39516e-7 0.9935592 0.1133148 0.05830454 -0.9982988 0 0.05940544 -0.9982225 0.004771411 0.05988341 -0.9981765 0.007587611 0.8034612 0.4915939 0.3358356 0.894613 0.2452903 0.3734972 0.966237 0.2374121 0.1001088 0.09747982 4.40662e-4 0.9952375 0.3794372 0.001445472 0.9252164 0.09677881 4.796e-4 0.9953058 0.3804171 0.001271367 0.9248142 0.7039932 0.001678943 0.7102047 0.9227223 0.001210033 0.3854636 0.9227427 0.001043677 0.3854153 0.9950851 3.60023e-4 0.09902334 0.9951122 3.06727e-4 0.09874963 0.05814254 -0.9980359 0.02332025 0.05731648 -0.998023 0.02578383 0.04518598 -0.9979326 0.04570311 0.0447728 -0.9979323 0.04611551 0.02458029 -0.9980323 0.05768322 0.02293276 -0.9980542 0.05798268 0.006886124 -0.9981769 0.05996179 -0.09133207 -0.2692921 -0.958718 -0.3468928 -0.2816094 -0.8946293 -0.357374 -0.2823037 -0.8902744 -0.6559181 -0.3000657 -0.6926269 -0.660261 -0.3003548 -0.6883621 -0.8735403 -0.3072665 -0.3775111 -0.8721916 -0.3072869 -0.3806004 -0.9512383 -0.2911232 -0.1019465 0.4885042 0.4158389 0.7670996 0.2324309 0.1418449 0.9622141 7.62271e-7 0.07583373 0.9971206 0.001790583 0.3921432 0.9199025 0.001785099 0.3921327 0.9199069 0.7747314 0.624916 0.09628754 0.6925022 0.6709614 0.2650501 0.6714096 0.6776941 0.2998999 0.5038767 0.6918286 0.5171861 0.5112085 0.6922757 0.5093332 0.3110368 0.6568837 0.6868479 0.2587107 0.6410045 0.7226217 0.1031884 0.5798735 0.8081455 0.4781817 0.8571567 0.1913756 0.1864153 0.9823868 0.01286971 0.8662718 0.4922501 0.08522325 0.4953184 0.8674823 0.04619812 0.3689893 0.8495388 0.3770028 0.2056179 0.9668168 0.1516137 0.3249651 0.8076079 0.4921051 0.001831412 0.9934682 0.1140952 0.003986358 0.8548214 0.5189072 0.002156078 0.9939867 0.1094794 0.003948569 0.8531864 0.5215913 6.69549e-7 0.8511883 0.5248606 3.36279e-6 0.3886819 0.9213721 4.56728e-6 0.8511922 0.5248543 0.869536 0.4938697 0 1 0 0 -1 0 0 -1 0 -5.31295e-5 -1 0 4.76718e-5 -1 0 3.88429e-5 1.8877e-7 -0.2744949 -0.9615886 -0.08751469 -0.2693639 -0.9590539 1.83282e-6 0 1 -3.71389e-5 0.5279296 0.8492882 0.05326616 0.5562143 0.82933 5.70931e-6 0.5278883 0.8493139 0 -0.9982986 0.05831027 0.004731476 -0.9982269 0.05933558 0 -0.9982985 0.05831021 0.1045036 0.08206862 0.9911326 0.007908642 0.08175033 0.9966215 -7.01986e-7 0.07580143 0.997123 4.78582e-6 0.07583427 0.9971204 1.88107e-6 0.06103265 0.9981358 -1 0 0 -1 1.40331e-7 0 1 0 0 1 0 0 1 0 0 -1 3.45193e-5 -3.01926e-5 -1 3.45175e-5 -3.01944e-5 -1 3.4516e-5 -3.01961e-5 0.4843632 0.874867 0 0.1736466 0.984808 -3.18221e-7 0.1109949 0.993821 0 0.789653 0.6109148 0.05684542 0.808282 0.5887957 0 0.8082783 0.5888006 0 1 0 0 -0.9605436 -0.2781296 1.70003e-6 -0.9517329 -0.2907207 -0.09841763 -0.9605376 -0.2781502 2.77822e-6 0.9731941 0.2299852 0 -1 -7.36201e-6 1.67144e-5 -1 0 2.32897e-6 0.4043155 0.1632289 -0.8999363 0.6175839 0.4735786 -0.6279439 0.6935197 0.2259973 -0.6840729 0.1195192 0.9928242 -0.003905892 0.1991031 0.9772809 -0.07266467 0.1275967 0.9913206 -0.03166174 -5.02951e-7 0.9935584 -0.1133218 0 1 0 0.05940544 -0.9982225 -0.004771471 0.05988299 -0.9981766 -0.007589101 0.8035872 0.4914135 -0.3357984 0.8946101 0.2452893 -0.3735049 0.9662367 0.2374117 -0.100113 0.8662716 0.4922505 -0.08522409 0.37944 0.001443803 -0.9252153 0.09748131 4.37821e-4 -0.9952373 0.09678596 4.75905e-4 -0.9953051 0.7039927 0.0016824 -0.7102052 0.3804157 0.001271665 -0.9248148 0.9227222 0.00121665 -0.3854637 0.7044355 0.0016613 -0.7097661 0.922741 0.001048982 -0.3854192 0.9950848 3.63062e-4 -0.09902656 0.05814236 -0.9980359 -0.02332043 0.05691283 -0.9980354 -0.02619844 0.0451883 -0.9979326 -0.04569977 0.02416419 -0.9980195 -0.05808013 0.04487496 -0.9979324 -0.04601305 0.006885468 -0.9981774 -0.05995512 0.02293455 -0.9980545 -0.05797582 -0.09133177 -0.2692927 0.958718 -0.3469099 -0.2816058 0.8946238 -0.08752769 -0.2693227 0.9590643 -0.3570187 -0.2824899 0.8903579 -0.6558833 -0.3000997 0.6926451 -0.6603212 -0.3003345 0.6883133 -0.8734975 -0.3073047 0.3775792 -0.9512384 -0.2911207 0.1019527 -0.8721893 -0.3073067 0.3805897 0.2324296 0.1418461 -0.9622142 0.4884949 0.4158372 -0.7671064 0.001817226 0.3921979 -0.9198791 -7.6227e-7 0.07583373 -0.9971206 0.001786053 0.3921374 -0.9199049 0.7747303 0.6249166 -0.09629327 0.6925014 0.6709586 -0.2650592 0.7896516 0.6109163 -0.05684798 0.6714095 0.6776899 -0.2999094 0.503881 0.6918235 -0.5171889 0.3110463 0.6568732 -0.6868535 0.5112076 0.6922733 -0.5093373 0.1031899 0.5798653 -0.8081512 0.258723 0.6409936 -0.7226269 0.186415 0.9823868 -0.01286941 0.4775869 0.8574014 -0.1917641 0.4953181 0.8674826 -0.04619777 0.368945 0.8495571 -0.3770045 0.3249753 0.807607 -0.4920996 0.2052989 0.9668878 -0.1515929 0.003989219 0.8548253 -0.5189006 0.001832127 0.9934673 -0.1141024 0.002099156 0.993977 -0.1095694 0.004001319 0.8532355 -0.5215106 -7.16247e-6 0.3886885 -0.9213693 -2.27236e-6 0.8511913 -0.5248556 -4.50528e-6 0.8511901 -0.5248576 -9.68294e-7 0.9935584 -0.1133226 2.69926e-4 1 9.07265e-5 2.69945e-4 1 9.06714e-5 2.6994e-4 1 9.06849e-5 -1 2.27439e-6 5.16367e-6 -6.33298e-6 -0.2744905 0.9615899 -7.34113e-7 -6.08134e-7 -1 -8.57079e-7 0 -1 0.05327546 0.5562176 -0.8293273 4.20237e-5 0.5279238 -0.8492917 -1.66434e-5 0.5281268 -0.8491655 0.004738032 -0.9982271 -0.05933147 0 -0.9982989 -0.05830436 0 -0.9982989 -0.0583043 0.1045017 0.08206939 -0.9911327 0.00790733 0.08175271 -0.9966213 -6.73579e-7 0.07580143 -0.997123 0 0.075832 -0.9971207 -3.92248e-7 0.06103199 -0.9981358 1 0 0 -1 0 0 -1 1.40333e-7 0 1 2.28042e-7 0 1 -1.36817e-7 0 0.9951115 3.07446e-4 -0.09875792 -0.9517296 -0.2907294 0.09842348 -1 -7.05526e-6 -1.67144e-5 -0.4043055 0.1632286 0.8999408 -0.617946 0.4732286 0.6278515 -0.6935196 0.2260003 0.684072 -0.1190572 0.9928783 0.004241585 -0.1990595 0.9772886 0.072681 -0.127596 0.9913207 0.03166234 0 0.9935593 0.113314 -0.05940538 -0.9982225 0.00477153 -0.05830454 -0.9982988 0 -0.05988329 -0.9981766 0.007587611 -0.8035567 0.4914569 0.3358073 -0.894614 0.2452909 0.3734946 -0.9662364 0.2374125 0.1001134 -0.8662742 0.492245 0.08522838 -0.3794434 0.001444935 0.9252138 -0.0974788 4.41448e-4 0.9952375 -0.09678411 4.79154e-4 0.9953053 -0.7039946 0.001680731 0.7102034 -0.3804162 0.001273393 0.9248147 -0.9227224 0.001213908 0.3854632 -0.704437 0.001661419 0.7097645 -0.9227415 0.00104618 0.3854183 -0.995085 3.61433e-4 0.09902399 -0.05814236 -0.9980359 0.02332019 -0.05691283 -0.9980354 0.02619701 -0.04518592 -0.9979326 0.04570293 -0.02451145 -0.9980301 0.05775117 -0.04470527 -0.9979322 0.04618376 -0.006886124 -0.9981769 0.05996203 -0.0229327 -0.9980542 0.05798274 0.09133082 -0.2693555 -0.9587004 0.3468815 -0.2816128 -0.8946326 0.08752256 -0.269339 -0.9590601 0.3573654 -0.2823063 -0.890277 0.6558837 -0.300085 -0.6926512 0.6601008 -0.3004562 -0.6884714 0.8735416 -0.307267 -0.3775078 0.9512335 -0.29114 -0.101944 0.8721939 -0.3072864 -0.3805953 -0.2324309 0.1418448 0.9622141 -0.4885137 0.4158363 0.767095 -0.001837491 0.3922335 0.9198639 0 0.07583284 0.9971206 -0.001759409 0.3920835 0.919928 -0.7747294 0.6249179 0.09629136 -0.6925024 0.6709615 0.2650491 -0.7896516 0.6109163 0.05684798 -0.6714122 0.6776914 0.2999002 -0.5038836 0.6918237 0.5171861 -0.3110412 0.6568816 0.6868478 -0.5112155 0.6922662 0.509339 -0.103189 0.5798723 0.8081461 -0.2587087 0.6410028 0.7226239 -0.186821 0.9823117 0.01271402 -0.4772965 0.8575193 0.1919602 -0.4953227 0.8674796 0.04620218 -0.3690878 0.8494957 0.3770033 -0.3249801 0.8076041 0.4921014 -0.2056235 0.9668148 0.1516181 -0.003987908 0.8548231 0.5189043 -0.002157449 0.9935252 0.1135914 -0.002047657 0.9939684 0.1096484 -0.003946483 0.8531848 0.5215938 0 0.3886774 0.9213739 0 0.8511883 0.5248606 -0.869539 0.4938643 0 0 1 0 -1 2.90374e-7 2.44102e-6 2.75156e-4 1 9.31428e-5 7.34112e-7 0 1 8.57079e-7 0 1 -0.0532757 0.5562236 0.8293232 -0.00473845 -0.9982267 0.05933767 -0.1045029 0.08206814 0.9911327 -0.007908761 0.08175116 0.9966214 -1 0 0 1 0 0 1 0 0 -1 0 3.69835e-6 -1 1.22792e-6 1.48216e-6 -1 2.0796e-6 4.78778e-7 -0.4843649 0.8748661 0 -0.1109538 0.9938256 -4.25418e-7 -0.1736431 0.9848086 -1.05482e-6 -0.8082817 0.5887961 0 -0.8082779 0.5888012 0 -1 0 0 -0.9951119 3.06882e-4 0.09875363 0.9605388 -0.2781462 -7.00743e-7 0.9517179 -0.2907766 -0.09839725 -0.9731942 0.2299852 0 1 -3.0675e-7 0 -0.6179396 0.473232 -0.6278553 -0.4043058 0.1632288 -0.8999407 -0.6935197 0.2260003 -0.684072 -0.1990583 0.9772889 -0.07268047 -0.1195209 0.992824 -0.003905177 -0.1275966 0.9913207 -0.03166329 0 1 0 0 0.9935584 -0.113322 -0.05940538 -0.9982225 -0.00477153 -0.05988329 -0.9981766 -0.007587611 -0.803557 0.4914563 -0.3358079 -0.8946139 0.2452909 -0.3734947 -0.9662363 0.2374125 -0.1001134 -0.09747886 4.4137e-4 -0.9952375 -0.3794439 0.001444995 -0.9252136 -0.09678173 4.79105e-4 -0.9953055 -0.3804182 0.001271963 -0.9248137 -0.7039964 0.00168097 -0.7102016 -0.9227216 0.001214563 -0.385465 -0.9227429 0.001047909 -0.3854151 -0.995085 3.62265e-4 -0.09902423 -0.9951119 3.07123e-4 -0.09875333 -0.05814236 -0.9980359 -0.02332031 -0.05691289 -0.9980354 -0.02619719 -0.0451886 -0.9979327 -0.04569941 -0.04494315 -0.9979326 -0.04594409 -0.02482676 -0.9980397 -0.05744963 -0.02293461 -0.9980545 -0.05797553 -0.006884634 -0.9981774 -0.05995589 0.09132939 -0.2693403 0.9587048 0.3468811 -0.2816139 0.8946324 0.3570055 -0.2824912 0.8903627 0.6559168 -0.3000701 0.6926264 0.660264 -0.3003548 0.6883593 0.8735207 -0.3072798 0.3775458 0.8721936 -0.3072885 0.3805946 0.951233 -0.2911414 0.1019443 -0.4885016 0.4158352 -0.7671033 -0.2324336 0.1418461 -0.9622133 0 0.07583284 -0.9971206 -0.001792371 0.3921487 -0.9199001 -0.001785337 0.3921391 -0.9199042 -0.7747305 0.6249166 -0.096291 -0.6925039 0.6709594 -0.2650507 -0.6714146 0.6776883 -0.2999017 -0.5038868 0.6918181 -0.5171905 -0.5112186 0.6922598 -0.5093446 -0.3110432 0.6568753 -0.686853 -0.2587107 0.6409969 -0.7226284 -0.1031893 0.5798663 -0.8081504 -0.4773364 0.8575029 -0.1919339 -0.1866855 0.9823368 -0.01276624 -0.8662742 0.4922453 -0.08522754 -0.4953225 0.8674798 -0.04620242 -0.3690907 0.8494934 -0.3770053 -0.2056371 0.9668111 -0.1516233 -0.324979 0.8076071 -0.4920973 -0.001831531 0.9934675 -0.1141016 -0.003985822 0.8548211 -0.5189077 -0.002235531 0.994 -0.1093575 -0.003920495 0.8531622 -0.5216311 0 0.3886893 -0.9213689 0 0.8511909 -0.5248562 0 0 0 0.08751469 -0.269361 0.9590547 0 0 -1 -0.05325829 0.5562173 -0.8293287 -0.004730403 -0.9982271 -0.05933403 -0.1045028 0.0820679 -0.9911327 -0.007908642 0.0817511 -0.9966214 0 0.07583284 -0.9971206 -1 -2.13432e-7 0 1 0 0 -1 0 0 1 3.21254e-5 3.53559e-5 1 0 -4.77711e-5 1 -3.21252e-5 -3.53561e-5 -0.7896519 0.6109157 -0.0568487 0.9517404 -0.2906929 0.09842747 0.960545 -0.2781249 -6.15044e-7 0 -1 1.79362e-6 0 -1 0 -4.47348e-6 -1 -3.35539e-4 2.68192e-5 -1 3.34495e-4 2.06101e-5 -1 -3.34935e-4 0 -1 1.80489e-6 0 -1 -2.28409e-5 1.66905e-5 -1 -1.99714e-4 2.307e-5 -1 -1.99161e-4 -2.15408e-5 -1 2.78143e-4 1.95681e-5 -1 -2.78343e-4 0 -1 2.28412e-5 -1.85014e-5 -1 0 -6.0396e-5 -1 -1.52238e-5 1.25383e-5 -1 -9.97845e-6 0 -1 -3.45313e-4 0 -1 3.68862e-4 8.21258e-5 -1 4.09507e-5 -2.29317e-5 -1 -1.1252e-4 0 -1 3.66315e-4 -1.12361e-5 -1 -3.45092e-4 0.05830454 -0.9982988 0 0.704437 0.00165826 0.7097645 0.00524187 -0.9982178 0.05944675 0.05326902 0.556222 0.8293248 -2.75158e-4 1 9.31516e-5 -1 2.27437e-6 -5.16363e-6 1.7662e-7 -0.274473 -0.9615949 0.09678018 4.71624e-4 0.9953057 1.3652e-4 0.5278548 0.8493347 0 -0.9982985 0.0583108 -1 1.00308e-6 1.24549e-6 -1 0 3.2648e-6 -1 2.39243e-6 4.79753e-7 -1 3.92421e-7 2.32886e-6 -3.99677e-6 0.3886896 -0.9213688 -1 0 5.67948e-5 -1 0 4.79658e-5 -1 0 -4.28022e-5 3.57789e-7 -0.2744689 0.961596 -1 -3.21231e-5 -3.5358e-5 -1 0 -4.77711e-5 -1 3.21208e-5 3.53601e-5 -1 9.56859e-6 1.56801e-5 -1 0 -3.96813e-6 -1 0 0 -0.05830454 -0.9982988 0 1 -3.21232e-5 3.5358e-5 1 0 4.77711e-5 1 3.21208e-5 -3.53601e-5 -0.1110361 0.9938164 -6.18165e-7 1 1.19607e-6 0 1 0 0 -0.7044374 0.001658618 -0.7097643 -0.005241215 -0.9982182 -0.05944019 -0.05326813 0.5562162 -0.8293287 2.75156e-4 1 -9.31428e-5 -0.09677851 4.71716e-4 -0.9953058 -1.26294e-4 0.5279291 -0.8492885 0 -0.9982989 -0.05830413 0 -1 1.79362e-6 6.12607e-6 -1 -3.35513e-4 1.1564e-5 -1 3.35369e-4 3.68457e-5 -1 3.3354e-4 -1.12398e-5 -1 0 -2.20138e-5 -1 -3.11175e-4 1.99557e-5 -1 1.89076e-6 0 -1 3.5689e-7 2.47109e-5 -1 -3.57499e-4 0 -1 -2.28411e-5 2.0072e-5 -1 2.84065e-4 -1.85014e-5 -1 0</float_array>
          <technique_common>
            <accessor source="#Mesh_403-mesh-normals-array" count="444" stride="3">
              <param name="X" type="float"/>
              <param name="Y" type="float"/>
              <param name="Z" type="float"/>
            </accessor>
          </technique_common>
        </source>
        <source id="Mesh_403-mesh-map-0">
          <float_array id="Mesh_403-mesh-map-0-array" count="3120">0.08613514 0.3447752 0.004338443 0.3429541 0.004338443 0.3290596 0.09872299 0.3339749 0.1034571 0.3245859 0.1022876 0.3350422 0.09218001 0.4070282 0.0904926 0.4215866 0.0904926 0.4070282 0.05590122 0.464336 0.08659541 0.4657881 0.05590122 0.4656686 0.08613514 0.3313922 0.004338443 0.3290596 0.004338443 0.3151478 0.004338443 0.3016446 0.08613514 0.3313922 0.004338443 0.3151478 1.055901 0.4684035 1.086595 0.4679522 1.086595 0.4684085 1.055901 0.4679489 1.086595 0.4674971 1.086595 0.4679522 1.086595 0.4674971 1.055901 0.4670432 1.086595 0.4670435 1.086595 0.4670435 1.055901 0.4665921 1.086595 0.4665913 0.05590122 0.4656686 0.08659541 0.4662593 0.05590122 0.4661814 0.05590122 0.4661814 0.08659541 0.4667314 0.05590122 0.4667956 0.08659541 0.4667314 0.05590122 0.46732 0.05590122 0.4667956 0.08659541 0.4672105 0.05590122 0.468313 0.05590122 0.46732 1.038493 0.467354 1.047399 0.4668933 1.038493 0.4668385 1.038493 0.4668385 1.047399 0.4664605 1.038493 0.4664016 1.038493 0.4664016 1.047399 0.4661713 1.038493 0.4661096 1.047399 0.4661713 1.038493 0.466007 1.038493 0.4661096 0.004338443 0.3429541 0.08613514 0.3549016 0.02929294 0.3549016 0.02929294 0.3875876 0.08916074 0.3733977 0.08916074 0.3875876 0.03849333 0.4651885 0.04739844 0.4655034 0.03849333 0.4652937 0.03849333 0.4652937 0.04739844 0.4658036 0.03849333 0.465593 0.04739844 0.4658036 0.03849333 0.4660412 0.03849333 0.465593 0.04739844 0.4662528 0.03849333 0.4665697 0.03849333 0.4660412 0.09344363 0.3324171 0.09872299 0.3217729 0.09872299 0.3339749 0.09344363 0.3324171 0.08613514 0.3183345 0.09344363 0.3202016 0.09344363 0.3445984 0.09872299 0.3339749 0.09872299 0.3425662 0.09344363 0.3324171 0.08613514 0.3447752 0.08613514 0.3313922 0.09344363 0.348784 0.09344363 0.3445984 0.09872299 0.3425662 0.08613514 0.3447752 0.09344363 0.348784 0.08613514 0.3549016 0.0904926 0.3875876 0.09022963 0.3733977 0.0904926 0.3733977 0.08916074 0.3733977 0.09022963 0.3875876 0.08916074 0.3875876 0.09022963 0.4215866 0.08916074 0.4070282 0.09022963 0.4070282 0.09022963 0.4215866 0.0904926 0.4070282 0.0904926 0.4215866 0.08613514 0.3135666 0.09344363 0.3202016 0.08613514 0.3183345 0.0368734 0.5233231 0.09583133 0.5022449 0.0368734 0.5022449 1.165945 0.4569675 1.101677 0.4501559 1.101677 0.5220974 0.1754615 0.4748874 0.1754615 0.5220974 0.101677 0.5220974 1.095831 0.5022449 1.036873 0.5233231 1.095831 0.5233231 1.175462 0.5220974 1.175462 0.4900887 1.175462 0.5039802 1.038493 0.4693835 1.047399 0.4674038 1.038493 0.467354 1.086595 0.4684085 1.055901 0.4707923 1.055901 0.4684035 0.03849333 0.4693835 0.04739844 0.4667826 0.04739844 0.4693835 0.05590122 0.4703418 0.08659541 0.4676764 0.08659541 0.4703418 1.165945 0.4569675 1.101677 0.4501559 1.101677 0.5220974 0.004338443 0.3532186 0.02929294 0.3549016 0.02929294 0.3733977 0.08916074 0.4070282 0.02929294 0.4215866 0.02929294 0.4070282 0.02929294 0.3875876 0.004338443 0.3532186 0.02929294 0.3733977 0.02929294 0.3549016 0.004338443 0.3532186 0.004338443 0.3429541 0.004338443 0.420885 0.02929294 0.3875876 0.02929294 0.4070282 0.02929294 0.4070282 0.02929294 0.4215866 0.004338443 0.420885 1.101677 0.5220974 1.175462 0.5220974 1.175462 0.4748874 1.172674 0.4626393 1.165945 0.4569675 1.101677 0.5220974 1.101677 0.5220974 1.175462 0.4748874 1.172674 0.4626393 0.101677 0.5220974 0.101677 0.4501559 0.1659446 0.4569675 0.172674 0.4626393 0.1754615 0.4748874 0.101677 0.5220974 0.101677 0.5220974 0.1659446 0.4569675 0.172674 0.4626393 1.101677 0.5220974 1.175462 0.5220974 1.175462 0.4748874 1.101677 0.5220974 1.172674 0.4626393 1.165945 0.4569675 1.101677 0.5220974 1.175462 0.4748874 1.172674 0.4626393 1.165945 0.4569675 1.101677 0.5220974 1.101677 0.5220974 0.09872299 0.3217729 0.09344363 0.3161715 0.09872299 0.3180215 0.09872299 0.3339749 0.1022876 0.3350422 0.09872299 0.3425662 0.09872299 0.3217729 0.103457 0.3197171 0.1034571 0.3245859 0.04739844 0.4653981 0.03849333 0.4651885 0.04739844 0.4653981 1.086595 0.4665913 1.055901 0.4648003 1.086595 0.4648026 1.038493 0.466007 1.047399 0.4660698 1.047399 0.4660698 0.08613514 0.3183345 0.004338443 0.2947064 0.08613514 0.3135666 0.09218001 0.3875876 0.0904926 0.3733977 0.09217983 0.3733977 1.175462 0.4748874 1.175462 0.4900887 1.101677 0.5220974 1.101677 0.4501559 1.101677 0.5220974 1.101677 0.5220974 1.004338 0.3429541 1.086135 0.3447752 1.004338 0.3290596 1.103457 0.3245859 1.098723 0.3339749 1.102288 0.3350422 1.09218 0.4070282 1.090493 0.4215866 1.09218 0.4215866 1.086595 0.4657881 1.055901 0.464336 1.055901 0.4656686 1.004338 0.3290596 1.086135 0.3313922 1.004338 0.3151478 1.004338 0.3016446 1.086135 0.3313922 1.086135 0.3183345 1.086595 0.4679522 1.055901 0.4684035 1.086595 0.4684085 1.086595 0.4674971 1.055901 0.4679489 1.086595 0.4679522 1.086595 0.4674971 1.055901 0.4670432 1.055901 0.4674952 1.086595 0.4670435 1.055901 0.4665921 1.055901 0.4670432 1.055901 0.4656686 1.086595 0.4662593 1.086595 0.4657881 1.055901 0.4661814 1.086595 0.4667314 1.086595 0.4662593 1.055901 0.46732 1.086595 0.4667314 1.055901 0.4667956 1.055901 0.468313 1.086595 0.4672105 1.055901 0.46732 1.038493 0.467354 1.047399 0.4668933 1.047399 0.4674038 1.038493 0.4668385 1.047399 0.4664605 1.047399 0.4668933 1.038493 0.4664016 1.047399 0.4661713 1.047399 0.4664605 1.038493 0.466007 1.047399 0.4661713 1.038493 0.4661096 1.004338 0.3429541 1.029293 0.3549016 1.086135 0.3549016 1.089161 0.3733977 1.029293 0.3875876 1.089161 0.3875876 1.038493 0.4651885 1.047399 0.4655034 1.047399 0.4653981 1.038493 0.4652937 1.047399 0.4658036 1.047399 0.4655034 1.038493 0.4660412 1.047399 0.4658036 1.038493 0.465593 1.038493 0.4665697 1.047399 0.4662528 1.038493 0.4660412 1.098723 0.3217729 1.093444 0.3324171 1.098723 0.3339749 1.086135 0.3183345 1.093444 0.3324171 1.093444 0.3202016 1.093444 0.3445984 1.098723 0.3339749 1.093444 0.3324171 1.093444 0.3324171 1.086135 0.3447752 1.093444 0.3445984 1.093444 0.348784 1.098723 0.3425662 1.093444 0.3445984 1.093444 0.348784 1.086135 0.3447752 1.086135 0.3549016 1.09023 0.3733977 1.090493 0.3875876 1.090493 0.3733977 1.089161 0.3733977 1.09023 0.3875876 1.09023 0.3733977 1.089161 0.4070282 1.09023 0.4215866 1.09023 0.4070282 1.090493 0.4070282 1.09023 0.4215866 1.090493 0.4215866 1.093444 0.3202016 1.086135 0.3135666 1.086135 0.3183345 1.095831 0.5233231 1.036873 0.5022449 1.095831 0.5022449 1.165945 0.4569675 1.101677 0.5220974 1.101677 0.4501559 1.175462 0.4748874 1.101677 0.5220974 1.175462 0.5220974 1.095831 0.5022449 1.036873 0.5233231 1.036873 0.5022449 1.175462 0.5220974 1.175462 0.4900887 1.101677 0.5220974 1.047399 0.4674038 1.038493 0.4693835 1.038493 0.467354 1.086595 0.4684085 1.055901 0.4707923 1.086595 0.4707923 1.047399 0.4667826 1.038493 0.4693835 1.047399 0.4693835 1.086595 0.4676764 1.055901 0.4703418 1.086595 0.4703418 1.165945 0.4569675 1.101677 0.5220974 1.101677 0.4501559 1.004338 0.3532186 1.029293 0.3733977 1.029293 0.3549016 1.029293 0.4215866 1.089161 0.4070282 1.029293 0.4070282 1.004338 0.3532186 1.029293 0.3875876 1.029293 0.3733977 1.029293 0.3549016 1.004338 0.3429541 1.004338 0.3532186 1.004338 0.420885 1.029293 0.4070282 1.029293 0.3875876 1.029293 0.4070282 1.004338 0.420885 1.029293 0.4215866 1.101677 0.5220974 1.175462 0.4748874 1.175462 0.5220974 1.172674 0.4626393 1.101677 0.5220974 1.165945 0.4569675 1.101677 0.5220974 1.172674 0.4626393 1.175462 0.4748874 1.101677 0.5220974 1.165945 0.4569675 1.101677 0.4501559 1.172674 0.4626393 1.101677 0.5220974 1.175462 0.4748874 1.101677 0.5220974 1.172674 0.4626393 1.165945 0.4569675 1.101677 0.5220974 1.175462 0.4748874 1.175462 0.5220974 1.101677 0.5220974 1.165945 0.4569675 1.172674 0.4626393 1.101677 0.5220974 1.172674 0.4626393 1.175462 0.4748874 1.165945 0.4569675 1.101677 0.5220974 1.172674 0.4626393 1.098723 0.3217729 1.093444 0.3161715 1.093444 0.3202016 1.098723 0.3339749 1.098723 0.3425662 1.102288 0.3350422 1.098723 0.3217729 1.103457 0.3197171 1.098723 0.3180215 1.038493 0.4651885 1.047399 0.4653981 1.047399 0.4653981 1.055901 0.4648003 1.086595 0.4665913 1.086595 0.4648026 1.038493 0.466007 1.047399 0.4660698 1.038493 0.466007 1.004338 0.2947064 1.086135 0.3183345 1.086135 0.3135666 1.09218 0.3875876 1.090493 0.3733977 1.090493 0.3875876 1.101677 0.5220974 1.175462 0.4900887 1.175462 0.4748874 1.101677 0.5220974 1.101677 0.4501559 1.101677 0.5220974 1.004338 0.3429541 1.086135 0.3447752 1.004338 0.3290596 1.103457 0.3245859 1.098723 0.3339749 1.102288 0.3350422 1.09218 0.4215866 1.090493 0.4070282 1.090493 0.4215866 1.086595 0.4657881 1.055901 0.464336 1.055901 0.4656686 1.004338 0.3290596 1.086135 0.3313922 1.004338 0.3151478 1.004338 0.3016446 1.086135 0.3313922 1.086135 0.3183345 1.086595 0.4679522 1.055901 0.4684035 1.086595 0.4684085 1.086595 0.4674971 1.055901 0.4679489 1.086595 0.4679522 1.086595 0.4674971 1.055901 0.4670432 1.055901 0.4674952 1.086595 0.4670435 1.055901 0.4665921 1.055901 0.4670432 1.055901 0.4656686 1.086595 0.4662593 1.086595 0.4657881 1.055901 0.4661814 1.086595 0.4667314 1.086595 0.4662593 1.055901 0.46732 1.086595 0.4667314 1.055901 0.4667956 1.055901 0.468313 1.086595 0.4672105 1.055901 0.46732 1.038493 0.467354 1.047399 0.4668933 1.047399 0.4674038 1.038493 0.4668385 1.047399 0.4664605 1.047399 0.4668933 1.038493 0.4664016 1.047399 0.4661713 1.047399 0.4664605 1.038493 0.466007 1.047399 0.4661713 1.038493 0.4661096 1.004338 0.3429541 1.029293 0.3549016 1.086135 0.3549016 1.089161 0.3733977 1.029293 0.3875876 1.089161 0.3875876 1.038493 0.4651885 1.047399 0.4655034 1.047399 0.4653981 1.038493 0.4652937 1.047399 0.4658036 1.047399 0.4655034 1.038493 0.4660412 1.047399 0.4658036 1.038493 0.465593 1.038493 0.4665697 1.047399 0.4662528 1.038493 0.4660412 1.098723 0.3217729 1.093444 0.3324171 1.098723 0.3339749 1.086135 0.3183345 1.093444 0.3324171 1.093444 0.3202016 1.093444 0.3445984 1.098723 0.3339749 1.093444 0.3324171 1.093444 0.3324171 1.086135 0.3447752 1.093444 0.3445984 1.093444 0.348784 1.098723 0.3425662 1.093444 0.3445984 1.093444 0.348784 1.086135 0.3447752 1.086135 0.3549016 1.09023 0.3733977 1.090493 0.3875876 1.090493 0.3733977 1.089161 0.3733977 1.09023 0.3875876 1.09023 0.3733977 1.089161 0.4070282 1.09023 0.4215866 1.09023 0.4070282 1.090493 0.4070282 1.09023 0.4215866 1.090493 0.4215866 1.093444 0.3202016 1.086135 0.3135666 1.086135 0.3183345 1.036873 0.5233231 1.095831 0.5022449 1.095831 0.5233231 1.165945 0.4569675 1.101677 0.5220974 1.101677 0.4501559 1.175462 0.4748874 1.101677 0.5220974 1.175462 0.5220974 1.095831 0.5022449 1.036873 0.5233231 1.036873 0.5022449 1.175462 0.5220974 1.175462 0.4900887 1.101677 0.5220974 1.047399 0.4674038 1.038493 0.4693835 1.038493 0.467354 1.086595 0.4684085 1.055901 0.4707923 1.086595 0.4707923 1.047399 0.4667826 1.038493 0.4693835 1.047399 0.4693835 1.086595 0.4676764 1.055901 0.4703418 1.086595 0.4703418 1.165945 0.4569675 1.101677 0.5220974 1.101677 0.4501559 1.004338 0.3532186 1.029293 0.3733977 1.029293 0.3549016 1.029293 0.4215866 1.089161 0.4070282 1.029293 0.4070282 1.004338 0.3532186 1.029293 0.3875876 1.029293 0.3733977 1.029293 0.3549016 1.004338 0.3429541 1.004338 0.3532186 1.004338 0.420885 1.029293 0.4070282 1.029293 0.3875876 1.029293 0.4070282 1.004338 0.420885 1.029293 0.4215866 1.101677 0.5220974 1.175462 0.4748874 1.175462 0.5220974 1.172674 0.4626393 1.101677 0.5220974 1.165945 0.4569675 1.101677 0.5220974 1.172674 0.4626393 1.175462 0.4748874 1.101677 0.5220974 1.165945 0.4569675 1.101677 0.4501559 1.172674 0.4626393 1.101677 0.5220974 1.175462 0.4748874 1.101677 0.5220974 1.172674 0.4626393 1.165945 0.4569675 1.101677 0.5220974 1.175462 0.4748874 1.175462 0.5220974 1.101677 0.5220974 1.165945 0.4569675 1.172674 0.4626393 1.101677 0.5220974 1.172674 0.4626393 1.175462 0.4748874 1.165945 0.4569675 1.101677 0.5220974 1.172674 0.4626393 1.098723 0.3217729 1.093444 0.3161715 1.093444 0.3202016 1.098723 0.3339749 1.098723 0.3425662 1.102288 0.3350422 1.098723 0.3217729 1.103457 0.3197171 1.098723 0.3180215 1.038493 0.4651885 1.047399 0.4653981 1.047399 0.4653981 1.055901 0.4648003 1.086595 0.4665913 1.086595 0.4648026 1.038493 0.466007 1.047399 0.4660698 1.038493 0.466007 1.004338 0.2947064 1.086135 0.3183345 1.086135 0.3135666 1.09218 0.3875876 1.090493 0.3733977 1.090493 0.3875876 1.101677 0.5220974 1.175462 0.4900887 1.175462 0.4748874 1.101677 0.5220974 1.101677 0.4501559 1.101677 0.5220974 1.086135 0.3447752 1.004338 0.3429541 1.004338 0.3290596 1.098723 0.3339749 1.103457 0.3245859 1.102288 0.3350422 1.09218 0.4070282 1.090493 0.4215866 1.090493 0.4070282 1.055901 0.464336 1.086595 0.4657881 1.055901 0.4656686 1.086135 0.3313922 1.004338 0.3290596 1.004338 0.3151478 1.004338 0.3016446 1.086135 0.3313922 1.004338 0.3151478 1.055901 0.4684035 1.086595 0.4679522 1.086595 0.4684085 1.055901 0.4679489 1.086595 0.4674971 1.086595 0.4679522 1.086595 0.4674971 1.055901 0.4670432 1.086595 0.4670435 1.086595 0.4670435 1.055901 0.4665921 1.086595 0.4665913 1.055901 0.4656686 1.086595 0.4662593 1.055901 0.4661814 1.055901 0.4661814 1.086595 0.4667314 1.055901 0.4667956 1.086595 0.4667314 1.055901 0.46732 1.055901 0.4667956 1.086595 0.4672105 1.055901 0.468313 1.055901 0.46732 1.038493 0.467354 1.047399 0.4668933 1.038493 0.4668385 1.038493 0.4668385 1.047399 0.4664605 1.038493 0.4664016 1.038493 0.4664016 1.047399 0.4661713 1.038493 0.4661096 1.047399 0.4661713 1.038493 0.466007 1.038493 0.4661096 1.004338 0.3429541 1.086135 0.3549016 1.029293 0.3549016 1.029293 0.3875876 1.089161 0.3733977 1.089161 0.3875876 1.038493 0.4651885 1.047399 0.4655034 1.038493 0.4652937 1.038493 0.4652937 1.047399 0.4658036 1.038493 0.465593 1.047399 0.4658036 1.038493 0.4660412 1.038493 0.465593 1.047399 0.4662528 1.038493 0.4665697 1.038493 0.4660412 1.093444 0.3324171 1.098723 0.3217729 1.098723 0.3339749 1.093444 0.3324171 1.086135 0.3183345 1.093444 0.3202016 1.093444 0.3445984 1.098723 0.3339749 1.098723 0.3425662 1.093444 0.3324171 1.086135 0.3447752 1.086135 0.3313922 1.093444 0.348784 1.093444 0.3445984 1.098723 0.3425662 1.086135 0.3447752 1.093444 0.348784 1.086135 0.3549016 1.090493 0.3875876 1.09023 0.3733977 1.090493 0.3733977 1.089161 0.3733977 1.09023 0.3875876 1.089161 0.3875876 1.09023 0.4215866 1.089161 0.4070282 1.09023 0.4070282 1.09023 0.4215866 1.090493 0.4070282 1.090493 0.4215866 1.086135 0.3135666 1.093444 0.3202016 1.086135 0.3183345 1.036873 0.5233231 1.095831 0.5022449 1.036873 0.5022449 1.165945 0.4569675 1.101677 0.4501559 1.101677 0.5220974 1.175462 0.4748874 1.175462 0.5220974 1.101677 0.5220974 1.095831 0.5022449 1.036873 0.5233231 1.095831 0.5233231 1.175462 0.5220974 1.175462 0.4900887 1.175462 0.5039802 1.038493 0.4693835 1.047399 0.4674038 1.038493 0.467354 1.086595 0.4684085 1.055901 0.4707923 1.055901 0.4684035 1.038493 0.4693835 1.047399 0.4667826 1.047399 0.4693835 1.055901 0.4703418 1.086595 0.4676764 1.086595 0.4703418 1.165945 0.4569675 1.101677 0.4501559 1.101677 0.5220974 1.004338 0.3532186 1.029293 0.3549016 1.029293 0.3733977 1.089161 0.4070282 1.029293 0.4215866 1.029293 0.4070282 1.029293 0.3875876 1.004338 0.3532186 1.029293 0.3733977 1.029293 0.3549016 1.004338 0.3532186 1.004338 0.3429541 1.004338 0.420885 1.029293 0.3875876 1.029293 0.4070282 1.029293 0.4070282 1.029293 0.4215866 1.004338 0.420885 1.101677 0.5220974 1.175462 0.5220974 1.175462 0.4748874 1.172674 0.4626393 1.165945 0.4569675 1.101677 0.5220974 1.101677 0.5220974 1.175462 0.4748874 1.172674 0.4626393 1.101677 0.5220974 1.101677 0.4501559 1.165945 0.4569675 1.172674 0.4626393 1.175462 0.4748874 1.101677 0.5220974 1.101677 0.5220974 1.165945 0.4569675 1.172674 0.4626393 1.101677 0.5220974 1.175462 0.5220974 1.175462 0.4748874 1.101677 0.5220974 1.172674 0.4626393 1.165945 0.4569675 1.101677 0.5220974 1.175462 0.4748874 1.172674 0.4626393 1.165945 0.4569675 1.101677 0.5220974 1.101677 0.5220974 1.098723 0.3217729 1.093444 0.3161715 1.098723 0.3180215 1.098723 0.3339749 1.102288 0.3350422 1.098723 0.3425662 1.098723 0.3217729 1.103457 0.3197171 1.103457 0.3245859 1.047399 0.4653981 1.038493 0.4651885 1.047399 0.4653981 1.086595 0.4665913 1.055901 0.4648003 1.086595 0.4648026 1.038493 0.466007 1.047399 0.4660698 1.047399 0.4660698 1.086135 0.3183345 1.004338 0.2947064 1.086135 0.3135666 1.09218 0.3875876 1.090493 0.3733977 1.09218 0.3733977 1.175462 0.4748874 1.175462 0.4900887 1.101677 0.5220974 1.101677 0.4501559 1.101677 0.5220974 1.101677 0.5220974 1.462416 0.2704876 1.354331 0.1540473 1.462416 0.1540473 1.462416 0.2704876 1.354331 0.1540473 1.462416 0.1540473 1.36814 0.2565433 1.358564 0.2668594 1.36814 0.2668594 1.358564 0.2668594 1.36814 0.2565433 1.358564 0.2565433 1.358564 0.2565433 1.36814 0.2565433 1.36814 0.2565433 1.36814 0.2668594 1.36814 0.2565433 1.36814 0.2668594 1.358564 0.2668594 1.36814 0.2668594 1.358564 0.2668594 1.36814 0.2565433 1.358564 0.2565433 1.36814 0.2565433 1.36814 0.2668594 1.358564 0.2668594 1.358564 0.2668594 1.358564 0.2565433 1.358564 0.2668594 1.358564 0.2565433 1.36814 0.2565433 1.36814 0.2668594 1.36814 0.2617013 1.358564 0.2668594 1.358564 0.2565433 1.358564 0.2617013 1.358564 0.2668594 1.358564 0.2565433 1.358564 0.2617013 1.36814 0.2565433 1.36814 0.2668594 1.36814 0.2617013 0.08613514 0.3447752 0.08613514 0.3549016 0.004338443 0.3429541 0.09872299 0.3339749 0.09872299 0.3217729 0.1034571 0.3245859 0.09218001 0.4070282 0.09218001 0.4215866 0.0904926 0.4215866 0.05590122 0.464336 0.08659541 0.463914 0.08659541 0.4657881 0.08613514 0.3313922 0.08613514 0.3447752 0.004338443 0.3290596 0.004338443 0.3016446 0.08613514 0.3183345 0.08613514 0.3313922 1.055901 0.4684035 1.055901 0.4679489 1.086595 0.4679522 1.055901 0.4679489 1.055901 0.4674952 1.086595 0.4674971 1.086595 0.4674971 1.055901 0.4674952 1.055901 0.4670432 1.086595 0.4670435 1.055901 0.4670432 1.055901 0.4665921 0.05590122 0.4656686 0.08659541 0.4657881 0.08659541 0.4662593 0.05590122 0.4661814 0.08659541 0.4662593 0.08659541 0.4667314 0.08659541 0.4667314 0.08659541 0.4672105 0.05590122 0.46732 0.08659541 0.4672105 0.08659541 0.4676764 0.05590122 0.468313 1.038493 0.467354 1.047399 0.4674038 1.047399 0.4668933 1.038493 0.4668385 1.047399 0.4668933 1.047399 0.4664605 1.038493 0.4664016 1.047399 0.4664605 1.047399 0.4661713 1.047399 0.4661713 1.047399 0.4660698 1.038493 0.466007 0.02929294 0.3875876 0.02929294 0.3733977 0.08916074 0.3733977 0.03849333 0.4651885 0.04739844 0.4653981 0.04739844 0.4655034 0.03849333 0.4652937 0.04739844 0.4655034 0.04739844 0.4658036 0.04739844 0.4658036 0.04739844 0.4662528 0.03849333 0.4660412 0.04739844 0.4662528 0.04739844 0.4667826 0.03849333 0.4665697 0.09344363 0.3324171 0.09344363 0.3202016 0.09872299 0.3217729 0.09344363 0.3324171 0.08613514 0.3313922 0.08613514 0.3183345 0.09344363 0.3445984 0.09344363 0.3324171 0.09872299 0.3339749 0.09344363 0.3324171 0.09344363 0.3445984 0.08613514 0.3447752 0.08613514 0.3447752 0.09344363 0.3445984 0.09344363 0.348784 0.0904926 0.3875876 0.09022963 0.3875876 0.09022963 0.3733977 0.08916074 0.3733977 0.09022963 0.3733977 0.09022963 0.3875876 0.09022963 0.4215866 0.08916074 0.4215866 0.08916074 0.4070282 0.09022963 0.4215866 0.09022963 0.4070282 0.0904926 0.4070282 0.08613514 0.3135666 0.09344363 0.3161715 0.09344363 0.3202016 0.0368734 0.5233231 0.09583133 0.5233231 0.09583133 0.5022449 1.095831 0.5022449 1.036873 0.5022449 1.036873 0.5233231 1.175462 0.5220974 1.101677 0.5220974 1.175462 0.4900887 1.038493 0.4693835 1.047399 0.4693835 1.047399 0.4674038 1.086595 0.4684085 1.086595 0.4707923 1.055901 0.4707923 0.03849333 0.4693835 0.03849333 0.4665697 0.04739844 0.4667826 0.05590122 0.4703418 0.05590122 0.468313 0.08659541 0.4676764 0.08916074 0.4070282 0.08916074 0.4215866 0.02929294 0.4215866 0.02929294 0.3875876 0.004338443 0.420885 0.004338443 0.3532186 1.165945 0.4569675 1.172674 0.4626393 1.101677 0.5220974 0.09872299 0.3217729 0.09344363 0.3202016 0.09344363 0.3161715 0.09872299 0.3217729 0.09872299 0.3180215 0.103457 0.3197171 0.04739844 0.4653981 0.03849333 0.4651885 0.03849333 0.4651885 1.086595 0.4665913 1.055901 0.4665921 1.055901 0.4648003 1.038493 0.466007 1.038493 0.466007 1.047399 0.4660698 0.08613514 0.3183345 0.004338443 0.3016446 0.004338443 0.2947064 0.09218001 0.3875876 0.0904926 0.3875876 0.0904926 0.3733977 1.101677 0.5220974 1.172674 0.4626393 1.101677 0.5220974 1.172674 0.4626393 1.175462 0.4748874 1.101677 0.5220974 1.101677 0.4501559 1.165945 0.4569675 1.101677 0.5220974 1.004338 0.3429541 1.086135 0.3549016 1.086135 0.3447752 1.103457 0.3245859 1.098723 0.3217729 1.098723 0.3339749 1.09218 0.4070282 1.090493 0.4070282 1.090493 0.4215866 1.086595 0.4657881 1.086595 0.463914 1.055901 0.464336 1.004338 0.3290596 1.086135 0.3447752 1.086135 0.3313922 1.004338 0.3016446 1.004338 0.3151478 1.086135 0.3313922 1.086595 0.4679522 1.055901 0.4679489 1.055901 0.4684035 1.086595 0.4674971 1.055901 0.4674952 1.055901 0.4679489 1.086595 0.4674971 1.086595 0.4670435 1.055901 0.4670432 1.086595 0.4670435 1.086595 0.4665913 1.055901 0.4665921 1.055901 0.4656686 1.055901 0.4661814 1.086595 0.4662593 1.055901 0.4661814 1.055901 0.4667956 1.086595 0.4667314 1.055901 0.46732 1.086595 0.4672105 1.086595 0.4667314 1.055901 0.468313 1.086595 0.4676764 1.086595 0.4672105 1.038493 0.467354 1.038493 0.4668385 1.047399 0.4668933 1.038493 0.4668385 1.038493 0.4664016 1.047399 0.4664605 1.038493 0.4664016 1.038493 0.4661096 1.047399 0.4661713 1.038493 0.466007 1.047399 0.4660698 1.047399 0.4661713 1.089161 0.3733977 1.029293 0.3733977 1.029293 0.3875876 1.038493 0.4651885 1.038493 0.4652937 1.047399 0.4655034 1.038493 0.4652937 1.038493 0.465593 1.047399 0.4658036 1.038493 0.4660412 1.047399 0.4662528 1.047399 0.4658036 1.038493 0.4665697 1.047399 0.4667826 1.047399 0.4662528 1.098723 0.3217729 1.093444 0.3202016 1.093444 0.3324171 1.086135 0.3183345 1.086135 0.3313922 1.093444 0.3324171 1.093444 0.3445984 1.098723 0.3425662 1.098723 0.3339749 1.093444 0.3324171 1.086135 0.3313922 1.086135 0.3447752 1.093444 0.348784 1.093444 0.3445984 1.086135 0.3447752 1.09023 0.3733977 1.09023 0.3875876 1.090493 0.3875876 1.089161 0.3733977 1.089161 0.3875876 1.09023 0.3875876 1.089161 0.4070282 1.089161 0.4215866 1.09023 0.4215866 1.090493 0.4070282 1.09023 0.4070282 1.09023 0.4215866 1.093444 0.3202016 1.093444 0.3161715 1.086135 0.3135666 1.095831 0.5233231 1.036873 0.5233231 1.036873 0.5022449 1.095831 0.5022449 1.095831 0.5233231 1.036873 0.5233231 1.175462 0.5220974 1.175462 0.5039802 1.175462 0.4900887 1.047399 0.4674038 1.047399 0.4693835 1.038493 0.4693835 1.086595 0.4684085 1.055901 0.4684035 1.055901 0.4707923 1.047399 0.4667826 1.038493 0.4665697 1.038493 0.4693835 1.086595 0.4676764 1.055901 0.468313 1.055901 0.4703418 1.029293 0.4215866 1.089161 0.4215866 1.089161 0.4070282 1.004338 0.3532186 1.004338 0.420885 1.029293 0.3875876 1.165945 0.4569675 1.101677 0.5220974 1.101677 0.5220974 1.098723 0.3217729 1.098723 0.3180215 1.093444 0.3161715 1.098723 0.3217729 1.103457 0.3245859 1.103457 0.3197171 1.038493 0.4651885 1.038493 0.4651885 1.047399 0.4653981 1.055901 0.4648003 1.055901 0.4665921 1.086595 0.4665913 1.038493 0.466007 1.047399 0.4660698 1.047399 0.4660698 1.004338 0.2947064 1.004338 0.3016446 1.086135 0.3183345 1.09218 0.3875876 1.09218 0.3733977 1.090493 0.3733977 1.175462 0.4748874 1.172674 0.4626393 1.101677 0.5220974 1.101677 0.5220974 1.101677 0.5220974 1.175462 0.4748874 1.101677 0.5220974 1.165945 0.4569675 1.101677 0.4501559 1.004338 0.3429541 1.086135 0.3549016 1.086135 0.3447752 1.103457 0.3245859 1.098723 0.3217729 1.098723 0.3339749 1.09218 0.4215866 1.09218 0.4070282 1.090493 0.4070282 1.086595 0.4657881 1.086595 0.463914 1.055901 0.464336 1.004338 0.3290596 1.086135 0.3447752 1.086135 0.3313922 1.004338 0.3016446 1.004338 0.3151478 1.086135 0.3313922 1.086595 0.4679522 1.055901 0.4679489 1.055901 0.4684035 1.086595 0.4674971 1.055901 0.4674952 1.055901 0.4679489 1.086595 0.4674971 1.086595 0.4670435 1.055901 0.4670432 1.086595 0.4670435 1.086595 0.4665913 1.055901 0.4665921 1.055901 0.4656686 1.055901 0.4661814 1.086595 0.4662593 1.055901 0.4661814 1.055901 0.4667956 1.086595 0.4667314 1.055901 0.46732 1.086595 0.4672105 1.086595 0.4667314 1.055901 0.468313 1.086595 0.4676764 1.086595 0.4672105 1.038493 0.467354 1.038493 0.4668385 1.047399 0.4668933 1.038493 0.4668385 1.038493 0.4664016 1.047399 0.4664605 1.038493 0.4664016 1.038493 0.4661096 1.047399 0.4661713 1.038493 0.466007 1.047399 0.4660698 1.047399 0.4661713 1.089161 0.3733977 1.029293 0.3733977 1.029293 0.3875876 1.038493 0.4651885 1.038493 0.4652937 1.047399 0.4655034 1.038493 0.4652937 1.038493 0.465593 1.047399 0.4658036 1.038493 0.4660412 1.047399 0.4662528 1.047399 0.4658036 1.038493 0.4665697 1.047399 0.4667826 1.047399 0.4662528 1.098723 0.3217729 1.093444 0.3202016 1.093444 0.3324171 1.086135 0.3183345 1.086135 0.3313922 1.093444 0.3324171 1.093444 0.3445984 1.098723 0.3425662 1.098723 0.3339749 1.093444 0.3324171 1.086135 0.3313922 1.086135 0.3447752 1.093444 0.348784 1.093444 0.3445984 1.086135 0.3447752 1.09023 0.3733977 1.09023 0.3875876 1.090493 0.3875876 1.089161 0.3733977 1.089161 0.3875876 1.09023 0.3875876 1.089161 0.4070282 1.089161 0.4215866 1.09023 0.4215866 1.090493 0.4070282 1.09023 0.4070282 1.09023 0.4215866 1.093444 0.3202016 1.093444 0.3161715 1.086135 0.3135666 1.036873 0.5233231 1.036873 0.5022449 1.095831 0.5022449 1.095831 0.5022449 1.095831 0.5233231 1.036873 0.5233231 1.175462 0.5220974 1.175462 0.5039802 1.175462 0.4900887 1.047399 0.4674038 1.047399 0.4693835 1.038493 0.4693835 1.086595 0.4684085 1.055901 0.4684035 1.055901 0.4707923 1.047399 0.4667826 1.038493 0.4665697 1.038493 0.4693835 1.086595 0.4676764 1.055901 0.468313 1.055901 0.4703418 1.029293 0.4215866 1.089161 0.4215866 1.089161 0.4070282 1.004338 0.3532186 1.004338 0.420885 1.029293 0.3875876 1.165945 0.4569675 1.101677 0.5220974 1.101677 0.5220974 1.098723 0.3217729 1.098723 0.3180215 1.093444 0.3161715 1.098723 0.3217729 1.103457 0.3245859 1.103457 0.3197171 1.038493 0.4651885 1.038493 0.4651885 1.047399 0.4653981 1.055901 0.4648003 1.055901 0.4665921 1.086595 0.4665913 1.038493 0.466007 1.047399 0.4660698 1.047399 0.4660698 1.004338 0.2947064 1.004338 0.3016446 1.086135 0.3183345 1.09218 0.3875876 1.09218 0.3733977 1.090493 0.3733977 1.175462 0.4748874 1.172674 0.4626393 1.101677 0.5220974 1.101677 0.5220974 1.101677 0.5220974 1.175462 0.4748874 1.101677 0.5220974 1.165945 0.4569675 1.101677 0.4501559 1.086135 0.3447752 1.086135 0.3549016 1.004338 0.3429541 1.098723 0.3339749 1.098723 0.3217729 1.103457 0.3245859 1.09218 0.4070282 1.09218 0.4215866 1.090493 0.4215866 1.055901 0.464336 1.086595 0.463914 1.086595 0.4657881 1.086135 0.3313922 1.086135 0.3447752 1.004338 0.3290596 1.004338 0.3016446 1.086135 0.3183345 1.086135 0.3313922 1.055901 0.4684035 1.055901 0.4679489 1.086595 0.4679522 1.055901 0.4679489 1.055901 0.4674952 1.086595 0.4674971 1.086595 0.4674971 1.055901 0.4674952 1.055901 0.4670432 1.086595 0.4670435 1.055901 0.4670432 1.055901 0.4665921 1.055901 0.4656686 1.086595 0.4657881 1.086595 0.4662593 1.055901 0.4661814 1.086595 0.4662593 1.086595 0.4667314 1.086595 0.4667314 1.086595 0.4672105 1.055901 0.46732 1.086595 0.4672105 1.086595 0.4676764 1.055901 0.468313 1.038493 0.467354 1.047399 0.4674038 1.047399 0.4668933 1.038493 0.4668385 1.047399 0.4668933 1.047399 0.4664605 1.038493 0.4664016 1.047399 0.4664605 1.047399 0.4661713 1.047399 0.4661713 1.047399 0.4660698 1.038493 0.466007 1.029293 0.3875876 1.029293 0.3733977 1.089161 0.3733977 1.038493 0.4651885 1.047399 0.4653981 1.047399 0.4655034 1.038493 0.4652937 1.047399 0.4655034 1.047399 0.4658036 1.047399 0.4658036 1.047399 0.4662528 1.038493 0.4660412 1.047399 0.4662528 1.047399 0.4667826 1.038493 0.4665697 1.093444 0.3324171 1.093444 0.3202016 1.098723 0.3217729 1.093444 0.3324171 1.086135 0.3313922 1.086135 0.3183345 1.093444 0.3445984 1.093444 0.3324171 1.098723 0.3339749 1.093444 0.3324171 1.093444 0.3445984 1.086135 0.3447752 1.086135 0.3447752 1.093444 0.3445984 1.093444 0.348784 1.090493 0.3875876 1.09023 0.3875876 1.09023 0.3733977 1.089161 0.3733977 1.09023 0.3733977 1.09023 0.3875876 1.09023 0.4215866 1.089161 0.4215866 1.089161 0.4070282 1.09023 0.4215866 1.09023 0.4070282 1.090493 0.4070282 1.086135 0.3135666 1.093444 0.3161715 1.093444 0.3202016 1.036873 0.5233231 1.095831 0.5233231 1.095831 0.5022449 1.095831 0.5022449 1.036873 0.5022449 1.036873 0.5233231 1.175462 0.5220974 1.101677 0.5220974 1.175462 0.4900887 1.038493 0.4693835 1.047399 0.4693835 1.047399 0.4674038 1.086595 0.4684085 1.086595 0.4707923 1.055901 0.4707923 1.038493 0.4693835 1.038493 0.4665697 1.047399 0.4667826 1.055901 0.4703418 1.055901 0.468313 1.086595 0.4676764 1.089161 0.4070282 1.089161 0.4215866 1.029293 0.4215866 1.029293 0.3875876 1.004338 0.420885 1.004338 0.3532186 1.165945 0.4569675 1.172674 0.4626393 1.101677 0.5220974 1.098723 0.3217729 1.093444 0.3202016 1.093444 0.3161715 1.098723 0.3217729 1.098723 0.3180215 1.103457 0.3197171 1.047399 0.4653981 1.038493 0.4651885 1.038493 0.4651885 1.086595 0.4665913 1.055901 0.4665921 1.055901 0.4648003 1.038493 0.466007 1.038493 0.466007 1.047399 0.4660698 1.086135 0.3183345 1.004338 0.3016446 1.004338 0.2947064 1.09218 0.3875876 1.090493 0.3875876 1.090493 0.3733977 1.101677 0.5220974 1.172674 0.4626393 1.101677 0.5220974 1.172674 0.4626393 1.175462 0.4748874 1.101677 0.5220974 1.101677 0.4501559 1.165945 0.4569675 1.101677 0.5220974 1.462416 0.2704876 1.354331 0.2704876 1.354331 0.1540473 1.462416 0.2704876 1.354331 0.2704876 1.354331 0.1540473 1.36814 0.2565433 1.358564 0.2565433 1.358564 0.2668594 1.358564 0.2668594 1.36814 0.2668594 1.36814 0.2565433 1.358564 0.2565433 1.358564 0.2565433 1.36814 0.2565433 1.36814 0.2668594 1.36814 0.2565433 1.36814 0.2565433 1.358564 0.2668594 1.36814 0.2668594 1.36814 0.2668594 1.36814 0.2565433 1.358564 0.2565433 1.358564 0.2565433 1.36814 0.2668594 1.36814 0.2668594 1.358564 0.2668594 1.358564 0.2565433 1.358564 0.2668594 1.358564 0.2668594</float_array>
          <technique_common>
            <accessor source="#Mesh_403-mesh-map-0-array" count="1560" stride="2">
              <param name="S" type="float"/>
              <param name="T" type="float"/>
            </accessor>
          </technique_common>
        </source>
        <vertices id="Mesh_403-mesh-vertices">
          <input semantic="POSITION" source="#Mesh_403-mesh-positions"/>
        </vertices>
        <lines count="6">
          <input semantic="VERTEX" source="#Mesh_403-mesh-vertices" offset="0"/>
          <p>262 259 264 263 260 259 265 264 262 261 266 265</p>
        </lines>
        <triangles material="off_road_lights_glass_highbeam-material" count="520">
          <input semantic="VERTEX" source="#Mesh_403-mesh-vertices" offset="0"/>
          <input semantic="NORMAL" source="#Mesh_403-mesh-normals" offset="1"/>
          <input semantic="TEXCOORD" source="#Mesh_403-mesh-map-0" offset="2" set="0"/>
          <p>11 0 0 9 1 1 8 2 2 15 3 3 13 4 4 12 5 5 69 6 6 129 7 7 16 8 8 0 9 9 18 10 10 17 11 11 20 12 12 8 2 13 19 13 14 21 14 15 20 12 16 19 13 17 26 15 18 24 16 19 23 17 20 25 18 21 27 19 22 24 16 23 27 19 24 30 20 25 29 21 26 29 21 27 18 22 28 31 23 29 17 11 30 30 24 31 32 25 32 32 25 33 28 26 34 33 27 35 28 26 36 34 28 37 33 27 38 25 29 39 35 30 40 34 28 41 35 31 42 36 32 43 34 33 44 34 33 45 38 34 46 33 35 47 33 35 48 39 36 49 32 37 50 39 36 51 17 38 52 32 37 53 9 1 54 10 39 55 41 40 56 45 41 57 43 42 58 42 43 59 31 44 60 19 45 61 29 46 62 29 46 63 8 47 64 27 48 65 8 47 66 24 49 67 27 48 68 9 50 69 23 51 70 24 49 71 48 52 72 14 53 73 15 3 74 48 52 75 22 54 76 47 55 77 49 56 78 15 3 79 50 57 80 48 52 81 11 0 82 20 12 83 51 58 84 49 56 85 50 57 86 11 0 87 51 58 88 10 39 89 55 59 90 53 60 91 52 61 92 43 42 93 54 62 94 42 43 95 175 63 96 57 64 97 56 65 98 175 63 99 16 8 100 129 7 101 111 66 102 47 55 103 22 54 104 113 6 105 45 6 106 112 6 107 57 67 108 58 67 109 113 67 110 55 68 111 3 68 112 112 68 113 41 6 114 115 6 115 44 6 116 116 69 117 12 70 118 13 71 119 188 72 120 37 73 121 35 31 122 23 17 123 190 74 124 26 15 125 189 75 126 46 76 127 191 77 128 188 78 129 26 79 130 190 80 131 43 67 132 44 67 133 115 67 134 46 81 135 41 40 136 44 82 137 57 64 138 192 83 139 58 84 140 45 41 141 46 81 142 44 82 143 41 40 144 46 81 145 9 1 146 191 85 147 45 41 148 58 84 149 58 84 150 192 83 151 191 85 152 115 67 153 6 67 154 52 67 155 53 67 156 43 67 157 115 67 158 115 67 159 52 67 160 53 67 161 112 86 162 45 86 163 42 86 164 54 68 165 55 68 166 112 68 167 112 87 168 42 87 169 54 87 170 113 88 171 69 88 172 16 88 173 113 89 174 56 89 175 57 89 176 113 90 177 16 90 178 56 90 179 10 91 180 4 92 181 59 93 182 14 53 183 2 94 184 7 95 185 15 3 186 12 5 187 50 57 188 14 53 189 116 96 190 13 4 191 21 97 192 119 98 193 118 99 194 31 23 195 1 100 196 119 67 197 0 101 198 40 102 199 120 103 200 22 54 201 118 104 202 111 66 203 3 6 204 52 61 205 6 6 206 50 105 207 12 105 208 5 105 209 41 106 210 59 106 211 4 106 212 63 107 213 61 108 214 60 109 215 67 110 216 65 111 217 64 112 218 69 6 219 207 113 220 132 114 221 71 115 222 0 9 223 70 116 224 60 109 225 73 117 226 72 118 227 74 119 228 73 117 229 75 120 230 79 121 231 77 122 232 76 123 233 81 124 234 78 125 235 79 121 236 81 124 237 82 126 238 80 127 239 83 128 240 71 129 241 82 126 242 70 116 243 82 130 244 71 115 245 85 131 246 80 132 247 82 130 248 87 133 249 80 132 250 86 134 251 88 135 252 78 136 253 87 133 254 88 137 255 90 138 256 89 139 257 87 140 258 91 141 259 90 138 260 86 142 261 92 143 262 91 141 263 70 144 264 92 143 265 85 145 266 63 107 267 94 146 268 62 147 269 98 148 270 96 149 271 95 150 272 84 151 273 72 152 274 74 153 275 83 154 276 60 155 277 72 152 278 79 156 279 60 155 280 81 157 281 76 158 282 63 159 283 79 156 284 66 160 285 100 161 286 65 111 287 75 120 288 100 161 289 101 162 290 102 163 291 65 111 292 100 161 293 100 161 294 61 108 295 102 163 296 104 164 297 103 165 298 102 163 299 104 164 300 61 108 301 62 147 302 108 166 303 106 167 304 105 168 305 98 148 306 107 169 307 108 166 308 110 170 309 251 171 310 109 172 311 68 173 312 251 171 313 207 113 314 101 162 315 111 66 316 75 120 317 114 6 318 112 6 319 96 6 320 110 67 321 113 67 322 114 67 323 106 68 324 112 68 325 3 68 326 94 174 327 115 175 328 4 176 329 116 177 330 64 177 331 5 177 332 89 139 333 253 178 334 88 137 335 76 123 336 254 179 337 255 180 338 99 181 339 255 182 340 256 183 341 77 184 342 253 185 343 254 186 344 98 67 345 115 67 346 97 67 347 99 187 348 97 188 349 94 146 350 257 189 351 110 170 352 114 190 353 99 187 354 96 149 355 97 188 356 94 146 357 63 107 358 99 187 359 256 191 360 114 190 361 96 149 362 114 190 363 256 191 364 257 189 365 115 67 366 105 67 367 6 67 368 108 67 369 115 67 370 98 67 371 115 192 372 108 192 373 105 192 374 112 193 375 95 193 376 96 193 377 107 68 378 112 68 379 106 68 380 112 194 381 107 194 382 95 194 383 113 67 384 68 67 385 69 67 386 113 195 387 110 195 388 109 195 389 113 196 390 109 196 391 68 196 392 62 68 393 4 68 394 104 68 395 66 160 396 2 94 397 101 162 398 65 111 399 103 165 400 64 112 401 66 160 402 116 96 403 7 95 404 119 98 405 74 153 406 118 99 407 1 100 408 84 197 409 119 67 410 0 101 411 93 198 412 70 144 413 118 104 414 75 120 415 111 66 416 3 6 417 105 168 418 106 167 419 5 199 420 64 199 421 103 199 422 117 68 423 94 68 424 4 68 425 124 200 426 122 201 427 121 202 428 128 203 429 126 204 430 125 205 431 132 114 432 130 206 433 129 7 434 136 207 435 134 208 436 133 209 437 121 202 438 138 210 439 137 211 440 139 212 441 138 210 442 140 213 443 144 214 444 142 215 445 141 216 446 146 217 447 143 218 448 144 214 449 146 217 450 147 219 451 145 220 452 148 221 453 136 222 454 147 219 455 133 209 456 147 223 457 136 207 458 150 224 459 145 225 460 147 223 461 152 226 462 145 225 463 151 227 464 153 228 465 143 229 466 152 226 467 153 230 468 155 231 469 154 232 470 152 233 471 156 234 472 155 231 473 151 235 474 157 236 475 156 234 476 133 237 477 157 236 478 150 238 479 124 200 480 159 239 481 123 240 482 163 241 483 161 242 484 160 243 485 149 244 486 137 245 487 139 246 488 148 247 489 121 248 490 137 245 491 144 249 492 121 248 493 146 250 494 141 251 495 124 252 496 144 249 497 127 253 498 165 254 499 126 204 500 140 213 501 165 254 502 166 255 503 167 256 504 126 204 505 165 254 506 165 254 507 122 201 508 167 256 509 169 257 510 168 258 511 167 256 512 169 257 513 122 201 514 123 240 515 173 259 516 171 260 517 170 261 518 163 241 519 172 262 520 173 259 521 177 263 522 175 63 523 174 264 524 130 206 525 175 63 526 129 7 527 166 255 528 178 265 529 140 213 530 181 266 531 161 266 532 182 266 533 177 267 534 181 267 535 182 267 536 171 67 537 180 67 538 183 67 539 159 268 540 185 268 541 184 268 542 186 67 543 125 67 544 187 67 545 154 232 546 188 72 547 153 230 548 141 216 549 190 269 550 189 270 551 164 271 552 189 75 553 191 77 554 142 272 555 188 78 556 190 80 557 163 68 558 185 68 559 162 68 560 164 273 561 162 274 562 159 239 563 192 83 564 177 263 565 182 242 566 164 273 567 161 242 568 162 274 569 159 239 570 124 200 571 164 273 572 191 85 573 182 242 574 161 242 575 182 242 576 191 85 577 192 83 578 185 68 579 170 68 580 193 68 581 173 68 582 185 68 583 163 68 584 185 275 585 173 275 586 170 275 587 180 276 588 160 276 589 161 276 590 172 67 591 180 67 592 171 67 593 180 277 594 172 277 595 160 277 596 181 278 597 130 278 598 131 278 599 181 279 600 177 279 601 174 279 602 181 280 603 174 280 604 130 280 605 123 67 606 184 67 607 169 67 608 127 253 609 179 281 610 166 255 611 126 204 612 168 258 613 125 205 614 127 253 615 186 282 616 195 283 617 197 284 618 139 246 619 196 285 620 135 286 621 149 287 622 197 68 623 134 288 624 158 289 625 133 237 626 196 290 627 140 213 628 178 265 629 183 6 630 170 261 631 171 260 632 187 291 633 125 291 634 168 291 635 194 67 636 159 67 637 184 67 638 202 292 639 200 293 640 199 294 641 206 295 642 204 296 643 203 297 644 131 298 645 207 113 646 208 299 647 134 208 648 210 300 649 209 301 650 212 302 651 199 294 652 211 303 653 213 304 654 212 302 655 211 303 656 218 305 657 216 306 658 215 307 659 217 308 660 219 309 661 216 306 662 219 309 663 222 310 664 221 311 665 221 311 666 210 312 667 223 313 668 209 301 669 222 314 670 224 315 671 224 315 672 220 316 673 225 317 674 220 316 675 226 318 676 225 317 677 217 319 678 227 320 679 226 318 680 227 321 681 228 322 682 226 323 683 226 323 684 230 324 685 225 325 686 225 325 687 231 326 688 224 327 689 231 326 690 209 328 691 224 327 692 200 293 693 201 329 694 233 330 695 237 331 696 235 332 697 234 333 698 223 334 699 211 335 700 221 336 701 221 336 702 199 337 703 219 338 704 199 337 705 216 339 706 219 338 707 200 340 708 215 341 709 216 339 710 240 342 711 205 343 712 206 295 713 240 342 714 214 344 715 239 345 716 241 346 717 206 295 718 242 347 719 240 342 720 202 292 721 212 302 722 243 348 723 241 346 724 242 347 725 202 292 726 243 348 727 201 329 728 247 349 729 245 350 730 244 351 731 235 332 732 246 352 733 234 333 734 251 171 735 249 353 736 248 354 737 251 171 738 208 299 739 207 113 740 178 265 741 239 345 742 214 344 743 181 6 744 237 6 745 180 6 746 249 68 747 252 68 748 181 68 749 247 67 750 183 67 751 180 67 752 233 6 753 185 6 754 236 6 755 186 355 756 203 355 757 204 355 758 253 178 759 229 356 760 227 321 761 215 307 762 254 357 763 218 305 764 255 182 765 238 358 766 256 183 767 253 185 768 218 359 769 254 186 770 235 68 771 236 68 772 185 68 773 238 360 774 233 330 775 236 361 776 249 353 777 257 189 778 252 362 779 237 331 780 238 360 781 236 361 782 233 330 783 238 360 784 200 293 785 256 191 786 237 331 787 252 362 788 252 362 789 257 189 790 256 191 791 185 68 792 193 68 793 244 68 794 245 68 795 235 68 796 185 68 797 185 363 798 244 363 799 245 363 800 180 364 801 237 364 802 234 364 803 246 67 804 247 67 805 180 67 806 180 67 807 234 67 808 246 67 809 181 68 810 131 68 811 208 68 812 181 68 813 248 68 814 249 68 815 181 365 816 208 365 817 248 365 818 201 366 819 184 367 820 258 368 821 205 343 822 179 281 823 195 283 824 206 295 825 203 297 826 242 347 827 205 343 828 186 282 829 204 296 830 213 369 831 197 284 832 196 285 833 223 313 834 135 286 835 197 68 836 134 288 837 232 370 838 198 371 839 214 344 840 196 290 841 178 265 842 183 6 843 244 351 844 193 6 845 242 67 846 203 67 847 187 67 848 233 67 849 258 67 850 184 67 851 271 372 852 269 372 853 270 372 854 275 373 855 273 373 856 274 373 857 267 374 858 275 375 859 274 376 860 268 377 861 269 377 862 272 377 863 269 378 864 278 378 865 270 378 866 271 373 867 278 373 868 279 373 869 272 379 870 279 380 871 280 381 872 274 382 873 281 382 874 277 382 875 275 383 876 282 383 877 276 383 878 273 384 879 282 384 880 281 384 881 267 385 882 274 386 883 277 387 884 275 388 885 268 388 886 280 388 887 268 389 888 272 390 889 280 391 890 269 392 891 267 392 892 277 392 893 11 0 894 10 39 895 9 1 896 15 3 897 14 53 898 13 4 899 69 6 900 132 114 901 129 7 902 0 9 903 1 393 904 18 10 905 20 12 906 11 0 907 8 2 908 21 14 909 22 54 910 20 12 911 26 15 912 25 18 913 24 16 914 25 18 915 28 394 916 27 19 917 27 19 918 28 394 919 30 20 920 29 21 921 30 20 922 18 22 923 17 11 924 18 10 925 30 24 926 32 25 927 30 24 928 28 26 929 28 26 930 25 29 931 34 28 932 25 29 933 26 395 934 35 30 935 35 31 936 37 73 937 36 32 938 34 33 939 36 32 940 38 34 941 33 35 942 38 34 943 39 36 944 39 36 945 40 102 946 17 38 947 45 41 948 44 82 949 43 42 950 31 44 951 21 97 952 19 45 953 29 46 954 19 45 955 8 47 956 8 47 957 9 50 958 24 49 959 9 50 960 46 396 961 23 51 962 48 52 963 47 55 964 14 53 965 48 52 966 20 12 967 22 54 968 49 56 969 48 52 970 15 3 971 48 52 972 49 56 973 11 0 974 11 0 975 49 56 976 51 58 977 55 59 978 54 62 979 53 60 980 43 42 981 53 60 982 54 62 983 175 63 984 176 263 985 57 64 986 175 63 987 56 65 988 16 8 989 111 66 990 2 94 991 47 55 992 113 6 993 58 6 994 45 6 995 41 397 996 4 397 997 115 397 998 116 398 999 5 398 1000 12 398 1001 188 72 1002 280 399 1003 37 73 1004 23 400 1005 189 270 1006 190 269 1007 189 401 1008 23 51 1009 46 396 1010 188 402 1011 35 30 1012 26 395 1013 57 64 1014 176 263 1015 192 83 1016 45 41 1017 191 85 1018 46 81 1019 10 403 1020 51 403 1021 4 403 1022 14 53 1023 47 55 1024 2 94 1025 14 53 1026 7 95 1027 116 96 1028 21 97 1029 31 44 1030 119 98 1031 31 23 1032 18 22 1033 1 100 1034 0 101 1035 17 38 1036 40 102 1037 22 54 1038 21 14 1039 118 104 1040 3 6 1041 55 59 1042 52 61 1043 4 404 1044 51 404 1045 5 404 1046 51 405 1047 50 405 1048 5 405 1049 41 406 1050 10 406 1051 59 406 1052 63 107 1053 62 147 1054 61 108 1055 67 110 1056 66 160 1057 65 111 1058 69 6 1059 68 173 1060 207 113 1061 71 115 1062 1 393 1063 0 9 1064 60 109 1065 61 108 1066 73 117 1067 74 119 1068 72 118 1069 73 117 1070 79 121 1071 78 125 1072 77 122 1073 81 124 1074 80 127 1075 78 125 1076 81 124 1077 83 128 1078 82 126 1079 83 128 1080 84 197 1081 71 129 1082 70 116 1083 85 131 1084 82 130 1085 85 131 1086 86 134 1087 80 132 1088 87 133 1089 78 136 1090 80 132 1091 88 135 1092 77 184 1093 78 136 1094 88 137 1095 87 140 1096 90 138 1097 87 140 1098 86 142 1099 91 141 1100 86 142 1101 85 145 1102 92 143 1103 70 144 1104 93 198 1105 92 143 1106 98 148 1107 97 188 1108 96 149 1109 84 151 1110 83 154 1111 72 152 1112 83 154 1113 81 157 1114 60 155 1115 79 156 1116 63 159 1117 60 155 1118 76 158 1119 99 181 1120 63 159 1121 66 160 1122 101 162 1123 100 161 1124 75 120 1125 73 117 1126 100 161 1127 102 163 1128 103 165 1129 65 111 1130 100 161 1131 73 117 1132 61 108 1133 104 164 1134 102 163 1135 61 108 1136 108 166 1137 107 169 1138 106 167 1139 98 148 1140 95 150 1141 107 169 1142 110 170 1143 250 407 1144 251 171 1145 68 173 1146 109 172 1147 251 171 1148 101 162 1149 2 94 1150 111 66 1151 114 6 1152 113 6 1153 112 6 1154 94 6 1155 97 6 1156 115 6 1157 116 408 1158 67 409 1159 64 410 1160 89 139 1161 277 411 1162 253 178 1163 76 123 1164 77 122 1165 254 179 1166 99 181 1167 76 158 1168 255 182 1169 77 184 1170 88 135 1171 253 185 1172 257 189 1173 250 407 1174 110 170 1175 99 187 1176 256 191 1177 96 149 1178 62 412 1179 117 413 1180 4 414 1181 66 160 1182 7 95 1183 2 94 1184 66 160 1185 67 110 1186 116 96 1187 119 98 1188 84 151 1189 74 153 1190 1 100 1191 71 129 1192 84 197 1193 0 101 1194 120 103 1195 93 198 1196 118 104 1197 74 119 1198 75 120 1199 3 6 1200 6 6 1201 105 168 1202 103 415 1203 104 415 1204 4 415 1205 4 416 1206 5 416 1207 103 416 1208 117 417 1209 62 417 1210 94 417 1211 124 200 1212 123 240 1213 122 201 1214 128 203 1215 127 253 1216 126 204 1217 132 114 1218 131 298 1219 130 206 1220 136 207 1221 135 418 1222 134 208 1223 121 202 1224 122 201 1225 138 210 1226 139 212 1227 137 211 1228 138 210 1229 144 214 1230 143 218 1231 142 215 1232 146 217 1233 145 220 1234 143 218 1235 146 217 1236 148 221 1237 147 219 1238 148 221 1239 149 287 1240 136 222 1241 133 209 1242 150 224 1243 147 223 1244 150 224 1245 151 227 1246 145 225 1247 152 226 1248 143 229 1249 145 225 1250 153 228 1251 142 272 1252 143 229 1253 153 230 1254 152 233 1255 155 231 1256 152 233 1257 151 235 1258 156 234 1259 151 235 1260 150 238 1261 157 236 1262 133 237 1263 158 289 1264 157 236 1265 163 241 1266 162 274 1267 161 242 1268 149 244 1269 148 247 1270 137 245 1271 148 247 1272 146 250 1273 121 248 1274 144 249 1275 124 252 1276 121 248 1277 141 251 1278 164 271 1279 124 252 1280 127 253 1281 166 255 1282 165 254 1283 140 213 1284 138 210 1285 165 254 1286 167 256 1287 168 258 1288 126 204 1289 165 254 1290 138 210 1291 122 201 1292 169 257 1293 167 256 1294 122 201 1295 173 259 1296 172 262 1297 171 260 1298 163 241 1299 160 243 1300 172 262 1301 177 263 1302 176 263 1303 175 63 1304 130 206 1305 174 264 1306 175 63 1307 166 255 1308 179 281 1309 178 265 1310 181 6 1311 180 6 1312 161 6 1313 159 6 1314 162 6 1315 185 6 1316 186 355 1317 128 355 1318 125 355 1319 154 232 1320 280 399 1321 188 72 1322 141 216 1323 142 215 1324 190 269 1325 164 271 1326 141 251 1327 189 75 1328 142 272 1329 153 228 1330 188 78 1331 192 83 1332 176 263 1333 177 263 1334 164 273 1335 191 85 1336 161 242 1337 123 419 1338 194 420 1339 184 421 1340 127 253 1341 195 283 1342 179 281 1343 127 253 1344 128 203 1345 186 422 1346 197 284 1347 149 244 1348 139 246 1349 135 286 1350 136 222 1351 149 287 1352 134 288 1353 198 371 1354 158 289 1355 196 290 1356 139 212 1357 140 213 1358 183 6 1359 193 6 1360 170 261 1361 168 423 1362 169 423 1363 184 423 1364 184 67 1365 187 67 1366 168 67 1367 194 424 1368 123 424 1369 159 424 1370 202 292 1371 201 329 1372 200 293 1373 206 295 1374 205 343 1375 204 296 1376 131 298 1377 132 114 1378 207 113 1379 134 208 1380 135 418 1381 210 300 1382 212 302 1383 202 292 1384 199 294 1385 213 304 1386 214 344 1387 212 302 1388 218 305 1389 217 308 1390 216 306 1391 217 308 1392 220 425 1393 219 309 1394 219 309 1395 220 425 1396 222 310 1397 221 311 1398 222 310 1399 210 312 1400 209 301 1401 210 300 1402 222 314 1403 224 315 1404 222 314 1405 220 316 1406 220 316 1407 217 319 1408 226 318 1409 217 319 1410 218 426 1411 227 320 1412 227 321 1413 229 356 1414 228 322 1415 226 323 1416 228 322 1417 230 324 1418 225 325 1419 230 324 1420 231 326 1421 231 326 1422 232 370 1423 209 328 1424 237 331 1425 236 361 1426 235 332 1427 223 334 1428 213 369 1429 211 335 1430 221 336 1431 211 335 1432 199 337 1433 199 337 1434 200 340 1435 216 339 1436 200 340 1437 238 427 1438 215 341 1439 240 342 1440 239 345 1441 205 343 1442 240 342 1443 212 302 1444 214 344 1445 241 346 1446 240 342 1447 206 295 1448 240 342 1449 241 346 1450 202 292 1451 202 292 1452 241 346 1453 243 348 1454 247 349 1455 246 352 1456 245 350 1457 235 332 1458 245 350 1459 246 352 1460 251 171 1461 250 407 1462 249 353 1463 251 171 1464 248 354 1465 208 299 1466 178 265 1467 179 281 1468 239 345 1469 181 6 1470 252 6 1471 237 6 1472 233 428 1473 184 428 1474 185 428 1475 186 67 1476 187 67 1477 203 67 1478 253 178 1479 277 411 1480 229 356 1481 215 429 1482 255 180 1483 254 179 1484 255 430 1485 215 341 1486 238 427 1487 253 431 1488 227 320 1489 218 426 1490 249 353 1491 250 407 1492 257 189 1493 237 331 1494 256 191 1495 238 360 1496 201 67 1497 243 67 1498 184 67 1499 205 343 1500 239 345 1501 179 281 1502 205 343 1503 195 283 1504 186 282 1505 213 369 1506 223 334 1507 197 284 1508 223 313 1509 210 312 1510 135 286 1511 134 288 1512 209 328 1513 232 370 1514 214 344 1515 213 304 1516 196 290 1517 183 6 1518 247 349 1519 244 351 1520 184 67 1521 243 67 1522 187 67 1523 243 67 1524 242 67 1525 187 67 1526 233 67 1527 201 67 1528 258 67 1529 271 432 1530 272 432 1531 269 432 1532 275 373 1533 276 373 1534 273 373 1535 267 433 1536 268 434 1537 275 435 1538 268 436 1539 267 436 1540 269 436 1541 269 437 1542 277 437 1543 278 437 1544 271 438 1545 270 438 1546 278 438 1547 272 439 1548 271 439 1549 279 439 1550 274 440 1551 273 441 1552 281 441 1553 275 442 1554 280 442 1555 282 442 1556 273 443 1557 276 443 1558 282 443 1559</p>
        </triangles>
      </mesh>
    </geometry>
    <geometry id="Mesh_402-mesh" name="Mesh.402">
      <mesh>
        <source id="Mesh_402-mesh-positions">
          <float_array id="Mesh_402-mesh-positions-array" count="72">0.03775858 0 0.01864629 0.03601717 0 0.01897174 0.03923523 2.832e-7 0.01771879 0.04022204 0 0.01633143 0.04056835 -6.18321e-7 0.01469439 0.03601706 -2.56967e-7 -0.01897174 0.0377587 -2.56967e-7 -0.01864624 0.03923523 2.832e-7 -0.01771897 0.04022216 2.832e-7 -0.01633143 0.04056835 0 -0.01469445 0 2.832e-7 -0.01897174 0.04056835 -2.56967e-7 0 -0.03601688 0 0.01897168 -0.03775882 2.832e-7 0.01864618 -0.03923517 6.31514e-7 0.01771879 -0.0402221 -2.56967e-7 0.01633143 -0.04056841 -2.56967e-7 0.01469439 0 2.832e-7 0.0189718 -0.04056835 0 0 -0.037759 -2.56967e-7 -0.01864624 -0.03601688 -2.56967e-7 -0.01897174 -0.03923529 -2.56967e-7 -0.01771885 -0.04022186 0 -0.01633143 -0.04056841 0 -0.01469445</float_array>
          <technique_common>
            <accessor source="#Mesh_402-mesh-positions-array" count="24" stride="3">
              <param name="X" type="float"/>
              <param name="Y" type="float"/>
              <param name="Z" type="float"/>
            </accessor>
          </technique_common>
        </source>
        <source id="Mesh_402-mesh-normals">
          <float_array id="Mesh_402-mesh-normals-array" count="108">-9.62078e-4 -0.9999996 -2.04115e-5 -4.82728e-4 -1 -1.47126e-5 -5.14564e-5 -1 -9.79033e-7 0 -1 0 4.84391e-4 -1 3.44636e-5 -2.34164e-4 -1 4.83627e-6 -2.34117e-4 -1 3.9094e-6 9.70781e-5 -1 2.09654e-5 9.71051e-5 -1 2.04454e-5 -2.38027e-4 -1 3.33724e-6 1.49976e-5 -1 7.90349e-6 -1.49975e-5 -1 0 -1.4771e-6 -1 7.90348e-6 -1.24426e-6 -1 -6.65795e-6 1.65739e-4 -1 4.80387e-6 -2.47373e-4 -1 -2.76117e-6 -0.002015709 -0.999998 -2.24995e-5 -3.37988e-4 -1 -3.76143e-6 -4.33771e-4 -1 -1.65086e-5 1 0 0 -0.001869618 -0.9999983 2.51721e-5 -4.31526e-4 -1 -6.83739e-5 -5.75131e-4 -0.9999999 -1.22146e-5 -3.22626e-4 -1 -1.32693e-5 0 -1 0 4.59985e-6 -1 2.46189e-5 -1.39416e-4 -1 7.90348e-6 6.67134e-6 -1 0 -6.67129e-6 -1 7.9035e-6 -1.27797e-4 -1 -5.97482e-6 1.53966e-5 -1 9.33936e-6 3.50636e-4 -1 2.42046e-5 8.78774e-6 -1 -6.25057e-6 2.5208e-4 -1 8.67205e-6 1.56457e-4 -1 -2.57137e-6 -6.10408e-4 -0.9999998 -1.76924e-5</float_array>
          <technique_common>
            <accessor source="#Mesh_402-mesh-normals-array" count="36" stride="3">
              <param name="X" type="float"/>
              <param name="Y" type="float"/>
              <param name="Z" type="float"/>
            </accessor>
          </technique_common>
        </source>
        <source id="Mesh_402-mesh-map-0">
          <float_array id="Mesh_402-mesh-map-0-array" count="132">0.3919097 0.3269021 0.3926779 0.2970393 0.3921293 0.3541114 0.3921293 0.3541114 0.3942412 0.2947903 0.3926779 0.3567649 0.3926779 0.3567649 0.3965817 0.2932876 0.3942412 0.3590139 0.3942412 0.3590139 0.3993412 0.2927596 0.3965817 0.3605166 0.3993412 0.3610445 0.3993412 0.2927596 0.466534 0.2928733 0.5994807 0.3609299 0.5994807 0.2928733 0.6666735 0.2927596 0.6666735 0.3610445 0.6666735 0.2927596 0.6694343 0.2932876 0.6666735 0.3610445 0.6717735 0.2947903 0.6694343 0.3605166 0.6694343 0.3605166 0.6733381 0.2970393 0.6717735 0.3590139 0.6717735 0.3590139 0.6738854 0.2996925 0.6733381 0.3567649 0.6738854 0.3541114 0.6733381 0.3567649 0.6738854 0.2996925 0.6741063 0.3269021 0.6738854 0.3541114 0.6738854 0.2996925 0.3919097 0.3269021 0.3921293 0.2996918 0.3926779 0.2970393 0.3921293 0.3541114 0.3926779 0.2970393 0.3942412 0.2947903 0.3926779 0.3567649 0.3942412 0.2947903 0.3965817 0.2932876 0.3942412 0.3590139 0.3965817 0.2932876 0.3993412 0.2927596 0.3993412 0.3610445 0.3965817 0.3605166 0.3993412 0.2927596 0.466534 0.3609299 0.3993412 0.3610445 0.466534 0.2928733 0.6666735 0.3610445 0.5994807 0.3609299 0.6666735 0.2927596 0.6666735 0.3610445 0.6694343 0.2932876 0.6717735 0.2947903 0.6694343 0.3605166 0.6717735 0.2947903 0.6733381 0.2970393 0.6717735 0.3590139 0.6733381 0.2970393 0.6738854 0.2996925</float_array>
          <technique_common>
            <accessor source="#Mesh_402-mesh-map-0-array" count="66" stride="2">
              <param name="S" type="float"/>
              <param name="T" type="float"/>
            </accessor>
          </technique_common>
        </source>
        <vertices id="Mesh_402-mesh-vertices">
          <input semantic="POSITION" source="#Mesh_402-mesh-positions"/>
        </vertices>
        <triangles material="off_road_lights_glass_highbeam-material" count="22">
          <input semantic="VERTEX" source="#Mesh_402-mesh-vertices" offset="0"/>
          <input semantic="NORMAL" source="#Mesh_402-mesh-normals" offset="1"/>
          <input semantic="TEXCOORD" source="#Mesh_402-mesh-map-0" offset="2" set="0"/>
          <p>18 0 0 22 1 1 16 2 2 16 3 3 21 3 4 15 3 5 15 4 6 19 5 7 14 6 8 14 7 9 20 8 10 13 9 11 12 10 12 20 10 13 10 10 14 17 11 15 10 11 16 5 11 17 1 12 18 5 12 19 6 12 20 1 13 21 7 13 22 0 13 23 0 14 24 8 14 25 2 14 26 2 15 27 9 15 28 3 15 29 4 16 30 3 17 31 9 18 32 11 19 33 4 20 34 9 21 35 18 3 36 23 22 37 22 3 38 16 23 39 22 23 40 21 23 41 15 24 42 21 24 43 19 24 44 14 25 45 19 25 46 20 25 47 12 26 48 13 26 49 20 26 50 17 27 51 12 27 52 10 27 53 1 28 54 17 28 55 5 28 56 1 29 57 6 30 58 7 31 59 0 32 60 7 32 61 8 32 62 2 33 63 8 34 64 9 35 65</p>
        </triangles>
      </mesh>
    </geometry>
    <geometry id="Cone_001-mesh" name="Cone.001">
      <mesh>
        <source id="Cone_001-mesh-positions">
          <float_array id="Cone_001-mesh-positions-array" count="888">-2.35372e-7 0.3826832 1.036128 -2.68486e-7 0.6130789 1.252901 -0.03284966 0.07930529 0.9686337 -0.1464468 0.3535531 1.036128 -0.2126078 0.5132797 1.128538 -0.2346155 0.566411 1.252901 -0.06069809 0.06069755 0.9686337 -0.2705983 0.2705978 1.036128 -0.3928477 0.3928472 1.128538 -0.4335127 0.4335121 1.252901 -0.07930582 0.03284913 0.9686337 -0.3535537 0.1464463 1.036128 -0.5132803 0.2126072 1.128538 -0.5664116 0.2346149 1.252901 -0.08583992 -2.79753e-7 0.9686337 -0.3826837 -3.25011e-7 1.036128 -0.5555705 -3.79646e-7 1.128538 -0.6130794 -4.04782e-7 1.252901 -0.07930576 -0.03284966 0.9686337 -0.3535536 -0.146447 1.036128 -0.5132802 -0.2126079 1.128538 -0.5664114 -0.2346156 1.252901 -0.06069803 -0.06069809 0.9686337 -0.2705982 -0.2705984 1.036128 -0.3928477 -0.3928479 1.128538 -0.4335126 -0.4335129 1.252901 -0.0328496 -0.07930582 0.9686337 -0.1464468 -0.3535537 1.036128 -0.2126076 -0.5132804 1.128538 -0.2346153 -0.5664117 1.252901 0 -0.3826837 1.036128 0 -0.5555706 1.128538 0 -0.6130794 1.252901 0.03284919 -0.07930582 0.9686337 0.1464465 -0.3535536 1.036128 0.2126074 -0.5132803 1.128538 0.2346151 -0.5664115 1.252901 0.06069761 -0.06069809 0.9686337 0.2705979 -0.2705982 1.036128 0.3928474 -0.3928477 1.128538 0.4335123 -0.4335126 1.252901 0.07930535 -0.03284966 0.9686337 0.3535532 -0.1464467 1.036128 0.5132799 -0.2126077 1.128538 0.5664111 -0.2346152 1.252901 0.08583945 -2.20744e-7 0.9686337 0.3826832 0 1.036128 0.5555701 0 1.128538 0.6130788 0 1.252901 0.07930529 0.03284919 0.9686337 0.3535531 0.1464465 1.036128 0.5132797 0.2126074 1.128538 0.5664108 0.2346152 1.252901 0.06069755 0.06069761 0.9686337 0.2705977 0.2705979 1.036128 0.3928471 0.3928474 1.128538 0.4335119 0.4335122 1.252901 0.03284913 0.07930529 0.9686337 0.1464461 0.3535532 1.036128 0.212607 0.5132798 1.128538 0.2346146 0.566411 1.252901 -4.87744e-7 0.55557 1.128538 -1.68125e-6 0.08745175 0.7419673 -0.06183826 0.06183815 0.7419673 -0.08745181 1.58555e-6 0.7419673 -0.06183826 -0.06183499 0.7419673 -1.68125e-6 -0.08744859 0.7419673 0.06183493 -0.06183499 0.7419673 0.08744847 1.58555e-6 0.7419673 0.06183493 0.06183815 0.7419673 -1.69901e-6 0.08745169 0.8861061 -0.06183826 0.06183815 0.8861061 -0.08745187 1.55395e-6 0.886106 -0.06183826 -0.06183505 0.886106 -1.69901e-6 -0.08744859 0.886106 0.06183487 -0.06183505 0.886106 0.08744847 1.55395e-6 0.8861061 0.06183487 0.06183815 0.8861061 -1.70918e-6 -0.08744859 0.9686337 -1.70918e-6 0.08745169 0.9686337 -2.27126e-7 0.2026579 0.9815184 -0.07755416 0.1872315 0.9815183 -0.1433013 0.1433007 0.9815183 -0.187232 0.07755362 0.9815183 -0.2026584 -3.17486e-7 0.9815183 -0.187232 -0.07755422 0.9815183 -0.1433011 -0.1433013 0.9815183 -0.0775541 -0.187232 0.9815183 -1.57967e-7 -0.2026585 0.9815183 0.07755374 -0.187232 0.9815183 0.1433008 -0.1433012 0.9815183 0.1872316 -0.0775541 0.9815183 0.2026579 -1.79769e-7 0.9815183 0.1872315 0.07755374 0.9815184 0.1433007 0.1433008 0.9815184 0.07755357 0.1872315 0.9815184 0.1572571 0.2004356 -1.010868 -1.19849e-6 -0.2086088 -0.9332879 -0.1572597 0.2004355 -1.010868 -0.1572596 -0.2086088 -1.009889 -1.20123e-6 -0.2086088 -1.009889 -1.3209e-6 0.2004356 -1.010868 -0.4066622 0.2367889 -1.563687 -0.4948239 -0.1689533 -1.563686 -0.2698121 0.2004356 -1.121258 -0.2795822 -0.2086088 -1.118697 -0.2532677 -0.2086088 -1.075174 -0.2512436 0.2004355 -1.077154 -0.2275858 0.2004355 -1.043202 -0.2275741 -0.2086088 -1.041759 -0.1953172 -0.2086088 -1.019152 -0.1953635 0.2004355 -1.020321 -0.4130309 0.2380928 -1.897993 -0.4128712 0.2149862 -1.94434 -0.4801045 -0.1444804 -1.940006 -0.4885672 -0.167774 -1.893391 -0.1689196 0.2004355 -0.9343295 -1.31817e-6 0.2004355 -0.9342693 -0.1683804 -0.2086088 -0.9332361 -0.5496693 -0.1652299 -1.563686 -0.4711661 0.240536 -1.563686 -0.3301165 0.2004355 -1.090918 -0.3048371 0.2004355 -1.0288 -0.3028209 -0.2086088 -1.023883 -0.3386976 -0.2086088 -1.085283 -0.2706585 0.2004355 -0.9809944 -0.2240422 0.2004355 -0.9479553 -0.2221174 -0.2086088 -0.9458029 -0.2678697 -0.2086088 -0.9770282 -0.5685814 -0.1640599 -1.886523 -0.5662596 -0.1389879 -1.933467 -0.4766749 0.2204827 -1.937153 -0.476968 0.2418069 -1.891125 -0.4172765 0.1740736 -1.971604 -0.4809718 0.1819632 -1.964736 -0.4699605 -0.1035965 -1.967843 -0.5584282 -0.09570783 -1.960975 -0.5574244 0.03595131 -1.740947 -0.5500293 0.1062621 -1.781973 -0.5632157 0.04309195 -1.836152 -0.5706109 -0.02722162 -1.795127 -0.5648179 -0.03435868 -1.699922 -0.5516314 0.02881151 -1.645741 -0.5442364 0.09912347 -1.686767 -0.53959 0.1277222 -1.796056 -0.5570248 0.04420351 -1.867686 -0.5668004 -0.04874789 -1.813446 -0.5591433 -0.05818885 -1.687578 -0.5417093 0.02532923 -1.615948 -0.5319325 0.1182851 -1.670187 -0.4873713 0.1200408 -1.801693 -0.5048045 0.03652322 -1.873323 -0.5145809 -0.05643016 -1.819084 -0.5069238 -0.06587111 -1.693215 -0.4894883 0.01764696 -1.621586 -0.4797115 0.1106042 -1.675825 -0.4971464 0.02708411 -1.747455 0.009067296 -0.01182758 -1.072416 -0.02399134 -0.08272314 -1.07227 -0.06885731 -0.01864743 -1.072403 -0.03579938 0.05225104 -1.072548 0.04212594 0.05906516 -1.072563 0.08699268 -0.005010426 -1.072431 0.05393397 -0.07590377 -1.072283 -0.03463816 -0.1055405 -1.062201 -0.09395557 -0.02082616 -1.062378 -0.05024933 0.07289546 -1.062575 0.05277276 0.08190971 -1.062592 0.1120902 -0.002801656 -1.062415 0.06838399 -0.09652799 -1.062222 -0.0346381 -0.105451 -0.9972693 -0.09395557 -0.02073699 -0.9974432 -0.05024933 0.07298487 -0.9976385 0.05277276 0.08200258 -0.9976582 0.1120902 -0.002712249 -0.9974819 0.06838399 -0.09643995 -0.997287 0.009067296 -0.01172393 -0.9974603 -1.19849e-6 -0.2086088 -0.9332879 -0.1689196 0.2004355 -0.9343295 -1.31817e-6 0.2004355 -0.9342693 -0.1683804 -0.2086088 -0.9332361 0.1213557 -0.1222083 0.7648573 0.1974904 -0.1974899 -0.9501936 0.1213557 0.1177887 0.7648574 0.1974904 0.1930711 -0.9501935 -0.1213591 -0.1222083 0.7648572 -0.1974933 -0.1974899 -0.9501937 -0.1213591 0.1177887 0.7648573 -0.1974933 0.1930711 -0.9501936 0.1974903 -0.1974901 -0.04892146 0.1974903 0.1930708 -0.04892128 -0.1974934 0.1930708 -0.04892134 -0.1974934 -0.1974901 -0.04892146 -0.3750669 0.2360312 -1.460317 -0.4709294 -0.169711 -1.460317 -0.5255584 -0.1659876 -1.460309 -0.4522539 0.2397783 -1.460317 -0.4632211 0.2401415 -1.510786 -0.3954759 0.2366544 -1.530977 -0.4787257 -0.1693279 -1.512329 -0.5352215 -0.1658443 -1.493702 -0.3779191 -0.2043401 -1.16452 -0.4210529 -0.193423 -1.241245 -0.4631381 -0.1807862 -1.315828 -0.4967588 -0.1704435 -1.388673 -0.3507525 0.2035199 -1.143886 -0.3782225 0.2123036 -1.20954 -0.4035993 0.224146 -1.285545 -0.4319748 0.2350361 -1.370033 -0.2916911 0.2032549 -1.175358 -0.3189555 0.2116254 -1.239345 -0.3451108 0.222554 -1.310211 -0.3598915 0.2321326 -1.384926 -0.4337496 -0.173267 -1.404149 -0.4027678 -0.1821823 -1.341663 -0.3626152 -0.1938205 -1.272812 -0.3199202 -0.2043594 -1.198385 0.1572487 -0.2086088 -1.009889 0.4066514 0.2367889 -1.563687 0.4948131 -0.1689533 -1.563686 0.2698011 0.2004356 -1.121258 0.2795822 -0.2086088 -1.118697 0.2532567 -0.2086088 -1.075174 0.2512436 0.2004355 -1.077154 0.2275748 0.2004355 -1.043201 0.2275632 -0.2086088 -1.041759 0.1953063 -0.2086088 -1.019151 0.1953526 0.2004355 -1.020321 0.4130201 0.2380928 -1.897992 0.4128605 0.2149862 -1.94434 0.4800937 -0.1444805 -1.940006 0.4885565 -0.167774 -1.89339 0.1683694 -0.2086088 -0.933236 0.5496585 -0.1652299 -1.563686 0.4711553 0.240536 -1.563685 0.3301056 0.2004355 -1.090917 0.3048371 0.2004355 -1.0288 0.3028209 -0.2086088 -1.023883 0.3386976 -0.2086088 -1.085283 0.2706475 0.2004355 -0.9809942 0.2240312 0.2004355 -0.9479552 0.2221065 -0.2086088 -0.9458028 0.2678587 -0.2086088 -0.9770281 0.5685707 -0.16406 -1.886523 0.5662489 -0.1389879 -1.933467 0.4766641 0.2204827 -1.937153 0.4769573 0.2418069 -1.891125 0.4172658 0.1740736 -1.971603 0.4809611 0.1819632 -1.964736 0.4699497 -0.1035965 -1.967842 0.5584175 -0.09570783 -1.960975 0.5574136 0.03595131 -1.740947 0.5500186 0.1062621 -1.781973 0.563205 0.04309195 -1.836152 0.5706002 -0.02722162 -1.795127 0.5648072 -0.03435868 -1.699921 0.5516207 0.02881151 -1.645741 0.5442256 0.09912347 -1.686766 0.5395793 0.1277222 -1.796055 0.5570141 0.04420351 -1.867685 0.5667897 -0.04874789 -1.813446 0.5591326 -0.05818885 -1.687577 0.5416985 0.02532923 -1.615947 0.5319218 0.1182851 -1.670187 0.4873606 0.1200408 -1.801693 0.5047938 0.03652322 -1.873323 0.5145702 -0.05643016 -1.819084 0.5069131 -0.06587111 -1.693215 0.4894775 0.01764696 -1.621585 0.4797007 0.1106042 -1.675825 0.4971356 0.02708411 -1.747455 0.1689086 0.2004355 -0.9343294 0.3750561 0.2360312 -1.460317 0.4709294 -0.169711 -1.460317 0.5255584 -0.1659876 -1.460309 0.4522431 0.2397783 -1.460317 0.4632104 0.2401416 -1.510786 0.3954651 0.2366544 -1.530977 0.4787148 -0.1693279 -1.512328 0.5352107 -0.1658443 -1.493702 0.3779191 -0.2043401 -1.16452 0.4210529 -0.193423 -1.241245 0.4631381 -0.1807862 -1.315828 0.4967588 -0.1704435 -1.388673 0.3507416 0.2035199 -1.143885 0.3782116 0.2123036 -1.20954 0.4035884 0.224146 -1.285545 0.431964 0.2350361 -1.370033 0.2916802 0.2032549 -1.175358 0.3189446 0.2116254 -1.239345 0.3450999 0.222554 -1.310211 0.3598806 0.2321326 -1.384926 0.4337496 -0.173267 -1.404149 0.4027678 -0.1821823 -1.341663 0.3626152 -0.1938205 -1.272812 0.3199202 -0.2043594 -1.198385</float_array>
          <technique_common>
            <accessor source="#Cone_001-mesh-positions-array" count="296" stride="3">
              <param name="X" type="float"/>
              <param name="Y" type="float"/>
              <param name="Z" type="float"/>
            </accessor>
          </technique_common>
        </source>
        <source id="Cone_001-mesh-normals">
          <float_array id="Cone_001-mesh-normals-array" count="1245">-2.97995e-7 0.744857 -0.6672242 -0.3473433 0.8385609 -0.4197239 0 0.907652 -0.4197235 -4.54527e-6 0.6379823 -0.7700512 -0.08131974 0.1958737 -0.9772517 2.34467e-7 0.2124731 -0.977167 -0.1504076 0.3631166 -0.9195238 -0.2850444 0.688158 -0.6672243 -0.5266934 0.5266935 -0.6672242 -0.6418066 0.6418066 -0.4197244 -0.02480167 0.05566644 -0.9981414 -0.1497789 0.1497795 -0.9773088 -0.4643545 0.4591488 -0.7573357 -0.1956955 0.08105975 -0.9773089 -0.277917 0.2779178 -0.9195237 -0.6881583 0.2850448 -0.6672239 -0.838561 0.3473435 -0.4197236 -0.363116 0.150408 -0.9195238 -0.7448568 -2.34232e-7 -0.6672244 -0.9076518 -5.8989e-7 -0.4197241 -0.05702781 0.02362465 -0.9980931 -0.2118198 -2.25823e-7 -0.9773088 -0.05703496 -0.02362471 -0.9980927 -0.1956954 -0.08105951 -0.977309 -0.3631162 -0.1504075 -0.919524 -0.6881579 -0.2850444 -0.6672245 -0.8385607 -0.3473434 -0.4197243 -0.5266933 -0.5266931 -0.6672246 -0.6418069 -0.6418064 -0.4197243 -0.4643353 -0.4591475 -0.7573483 -0.1497786 -0.149779 -0.9773089 -0.2779167 -0.277917 -0.9195241 -0.02479761 -0.05567091 -0.9981412 -0.08131963 -0.1958726 -0.9772518 -0.1504072 -0.363116 -0.9195241 -0.2850442 -0.6881579 -0.6672245 -0.347343 -0.8385611 -0.4197239 2.60258e-7 -0.744857 -0.6672242 2.33922e-7 -0.9076522 -0.4197232 -5.29953e-6 -0.6379967 -0.7700392 0 -0.212471 -0.9771675 0.08131891 -0.1958726 -0.9772519 4.88781e-7 -0.3930338 -0.919524 0.2850448 -0.688158 -0.6672242 0.3473441 -0.8385609 -0.4197233 0.02479481 -0.05567175 -0.9981413 0.1497787 -0.1497789 -0.9773089 0.1504074 -0.3631158 -0.9195241 0.5266939 -0.5266931 -0.6672241 0.6418073 -0.6418067 -0.4197232 0.464327 -0.4591399 -0.7573579 0.1956956 -0.08105951 -0.9773089 0.2779174 -0.2779167 -0.9195239 0.6881586 -0.2850441 -0.6672238 0.8385614 -0.347343 -0.4197236 0.05702751 -0.02362483 -0.9980931 0.21182 6.60143e-7 -0.9773087 0.3631167 -0.1504073 -0.9195237 0.7448575 1.9129e-7 -0.6672236 0.9076524 2.4155e-7 -0.419723 0.05703634 0.02362638 -0.9980925 0.1956958 0.08106046 -0.9773088 0.3930343 7.86613e-7 -0.9195238 0.6881583 0.2850448 -0.6672238 0.8385614 0.3473439 -0.4197227 0.1497789 0.1497794 -0.9773088 0.363116 0.1504081 -0.9195239 0.5266935 0.5266941 -0.6672236 0.6418069 0.6418079 -0.4197221 0.277917 0.2779172 -0.9195239 0.2850446 0.6881586 -0.6672236 0.3473436 0.8385617 -0.4197224 0.4643478 0.4591415 -0.7573443 0.08131968 0.1958733 -0.9772517 1.4171e-7 0.3930342 -0.9195238 -1.76453e-6 0.9999846 0.005569636 -0.5489844 0.5489858 -0.6302624 -0.7070728 0.7070736 0.009746313 -0.9999526 2.48057e-6 0.009741127 -0.5489846 -0.5489851 -0.6302629 -0.7070758 -0.7070709 0.009730756 -1.81082e-6 -0.9999846 0.005556821 3.66706e-7 -0.776382 -0.6302627 0.7070736 -0.7070732 0.009718477 0.7763822 1.55452e-7 -0.6302624 0.9999527 2.61436e-6 0.009723782 -0.776382 0 -0.6302626 0.7070709 0.7070757 0.009734153 -4.30481e-7 0.7763824 -0.6302621 0.6515452 -1.80485e-6 -0.7586098 -0.6515575 -3.31579e-6 -0.7585993 0.1504074 0.3631164 -0.9195239 -0.3930341 0 -0.9195239 0.02479541 0.05566883 -0.9981414 -0.1211773 -0.002578735 -0.9926275 0.01529008 -0.7882967 -0.6151053 0 -0.7079522 -0.7062605 -2.29133e-7 -0.002392947 -0.9999971 -0.06480717 -0.5275053 0.8470764 -6.36355e-5 8.2195e-4 0.9999997 -0.06816637 0.527118 0.8470538 0 -0.7071763 0.7070373 -2.29203e-4 -0.6708689 0.741576 -1.73441e-7 0.00130248 0.9999992 0 1 8.02286e-7 0 1 0 0 0.7070267 0.7071869 1.76706e-7 1 9.00428e-7 0.12118 -0.002576828 -0.9926272 0.08063805 -0.7357195 -0.6724689 0.5871648 -0.7254025 -0.3592059 0.9286979 -0.03248101 -0.3694121 0.8730766 -0.01502883 -0.4873514 0.5722038 -0.7214756 -0.3899435 0.4622206 -0.7435752 -0.4831647 0.709346 -0.004761934 -0.7048444 0.4171291 -0.002835631 -0.9088428 0.2717669 -0.7520327 -0.6004912 0.7927433 -0.5921508 -0.1446226 0.4909777 -0.6946865 -0.5256915 0.9877499 -0.1539214 0.0256583 0.9988219 0.04471719 -0.01885348 0.9660803 -0.1927276 0.1718866 0.9606962 -0.2116152 0.1796716 0 0 1 -0.8724656 0.01272445 0.48851 -0.9287028 0.05015242 0.3674181 -0.6492649 -0.6986953 0.3004665 -0.6002659 -0.6942853 0.3970502 -0.4163765 0.003944456 0.9091838 -0.7058728 0.003398001 0.7083305 -0.5126646 -0.6714148 0.5351423 -0.2996973 -0.6672564 0.6818729 -0.6125663 0.7903536 -0.01018786 -0.9985205 -0.05148595 0.01749277 -0.9791079 0.2001789 -0.03572231 -0.9664868 0.2417463 0.08638399 -0.9738916 0.2214824 0.04980719 -0.7586272 -0.6458913 0.0854941 0.01340496 0.9996374 0.02335894 0.01155239 0.9996696 0.02296262 -3.26942e-7 1 0 -2.50801e-7 1 1.6241e-7 0 1 2.40792e-7 0 1 4.85415e-7 0 1 4.85671e-7 0 1 1.60544e-7 -2.15854e-7 1 0 0.208332 -0.9482119 -0.2397755 -0.7961959 -0.594717 0.1112824 -0.06644517 -0.9695048 -0.235893 -0.07146906 -0.9623938 -0.2620887 0.03017348 0.9694949 -0.2432474 0.04114186 0.9780363 -0.2043341 -0.5885851 0.7983984 0.1269947 0.3112875 0.9072371 -0.2828803 -0.07311791 0.3001739 -0.9510781 -0.06211233 0.302889 -0.9509996 0.003292083 0.7765146 -0.6300907 -0.01739788 0.7444632 -0.667437 -0.09952133 -0.2524348 -0.9624824 -0.09463071 -0.2976109 -0.9499857 -0.09618127 -0.7317201 -0.6747851 -0.09315097 -0.7305365 -0.6764905 0.9767655 -0.1813141 0.1142567 0.9787208 -0.1837282 0.09137678 0.9790737 -0.1846029 0.08565342 0.9781163 -0.1832945 0.09844642 -0.965526 0.2425168 0.09457939 -0.9412521 0.2596368 -0.2159479 -0.9868608 0.1451727 0.07092833 -0.9455435 0.3254663 0.004390478 -0.9809758 0.1627913 -0.1057618 -0.9994685 -0.02651011 -0.01897585 -0.9897587 -0.04115885 0.1366887 -0.9608442 0.122711 0.2484359 -0.936527 0.311848 0.1602127 -0.4310469 0.8536958 -0.2922364 -0.5763441 0.1587669 -0.8016362 -0.660005 -0.6320116 -0.4061464 -0.5993143 -0.7042316 0.3806314 -0.4485357 -0.007999181 0.8937291 -0.369907 0.7857132 0.495806 0.6880975 0.6305895 -0.3589968 0.5299982 -0.007894873 -0.8479621 0.4724858 -0.7480759 -0.4659826 0.5311186 -0.8081426 0.2545952 0.647984 -0.1654865 0.7434588 0.7397078 0.5679281 0.3609572 0.98686 -0.1451768 -0.07092988 -1.43538e-6 -0.002066373 -0.9999979 -0.1043366 -0.2257677 -0.9685778 -0.2459397 -0.02350866 -0.9690001 -0.1415864 0.2002767 -0.9694548 0.1043377 0.2217777 -0.969499 0.2459624 0.0195626 -0.969082 0.1415722 -0.2041829 -0.9686416 -0.3681482 -0.7903768 -0.4896647 -0.8678225 -0.07679027 -0.4909049 -0.4996824 0.7127288 -0.4922756 0.3681712 0.7886545 -0.4924165 0.867833 0.07505166 -0.4911551 0.4996249 -0.7144388 -0.4898492 -0.3349019 -0.7171016 0.6112332 -0.7893959 -0.06796491 0.6101106 -0.4544965 0.6501715 0.6088596 0.3348749 0.7192568 0.6087106 0.7893951 0.07015609 0.6098635 0.4545104 -0.6480445 0.6111128 3.78743e-6 0.002074658 0.9999979 1.90857e-4 0.002467393 0.999997 0 0.002399206 0.9999971 1.02733e-4 8.91641e-4 0.9999996 0.7057827 -0.7055748 0.06352132 0.5773505 0.5773504 -0.5773499 0.7057827 0.7055748 0.06352162 -0.7057827 0.7055748 0.06352144 -0.5773503 0.5773504 -0.5773503 -0.7057828 -0.7055748 0.06352114 -0.5773501 -0.5773503 -0.5773505 -0.5513421 0.5517412 0.6257824 0.551342 -0.5517415 0.6257823 0.551342 0.551741 0.6257827 -0.5513423 -0.5517414 0.625782 0.04899692 0.9986813 0.01532894 0.0646106 0.9938277 -0.09017819 -0.2334235 0.9425982 0.2387933 0.965054 -0.207108 -0.1605523 0.9599312 -0.1717252 -0.2214553 0.9363995 -0.2212384 -0.2724146 -0.06448644 -0.9978813 -0.008636713 0.151911 -0.9867553 0.05689734 -0.06379252 -0.9977958 -0.01827555 -0.9307575 0.1721061 0.3225988 -0.872955 0.4872326 -0.02353686 -0.8661729 -0.1766788 0.467471 0.8679895 -0.397614 -0.2974852 0.9641361 0.1691126 -0.2045548 -0.4435926 -0.8832724 -0.1518402 0.9557606 -0.1699751 -0.240063 0.8697378 -0.1727632 -0.4622868 0.8127102 -0.1920145 -0.5501206 0.04857212 0.9985793 0.0219146 0.05733519 0.9955927 0.074216 0.05623471 0.9953564 0.07812428 -0.9607505 0.1600559 0.2265846 -0.912732 0.1336976 0.3860641 -0.9503092 0.1567838 0.268945 -0.06420767 -0.9957821 -0.0655412 -0.9339481 0.1393462 0.3291255 -0.8876379 0.08003717 0.453534 -0.9251115 0.1042585 0.3651012 -0.8705935 0.04450017 0.4899864 -0.9230762 0.07030296 0.3781375 -0.8845394 0.02974921 0.4655159 0.07294261 0.9906299 0.1154637 0.07442301 0.9905239 0.1154279 0.07058984 0.9908144 0.1153426 0.06872403 0.9908679 0.1160082 0.04551166 0.9961284 0.07521218 0.0422675 0.9963485 0.07418507 0.9453665 -0.131866 -0.2981505 0.8800722 -0.09972083 -0.4642509 0.9180501 -0.08194434 -0.3879035 0.8682757 -0.06888455 -0.4912762 0.9174551 -0.05208289 -0.3944154 0.8843303 -0.05446344 -0.4636741 -0.06271266 -0.9951489 -0.07580107 -0.07288825 -0.9905996 -0.1157575 -0.07223337 -0.9905728 -0.1163959 -0.0693404 -0.9909412 -0.1150107 -0.06825166 -0.9910669 -0.1145789 -0.04281812 -0.9964463 -0.07253611 0.5978848 0.726698 0.3382957 0.9136506 0.03250616 0.4051985 0.8730685 0.01502931 0.4873659 0.5721856 0.7214508 0.390016 0.462222 0.7435747 0.4831642 0.7092758 0.004751622 0.7049152 0.4171479 0.002835333 0.9088342 0.2717703 0.7520318 0.6004907 0.865769 0.4774303 0.1500145 0.4893041 0.6970475 0.5241245 0.9875274 0.1556981 -0.02340751 0.9988217 -0.044721 0.01885384 0.968962 0.1882181 0.1602706 0.9675223 0.2073581 0.1445792 -0.8724622 -0.01273638 -0.4885156 -0.9228988 -0.01593965 -0.3847127 -0.6336659 0.6995658 -0.3302653 -0.6002498 0.6942687 -0.3971036 -0.4163773 -0.003944396 -0.9091834 -0.7058187 -0.003398895 -0.7083844 -0.512615 0.6714297 -0.5351711 -0.2996959 0.6672563 -0.6818735 -0.8720421 0.4676899 -0.1442521 -0.9985206 0.05148553 -0.01749312 -0.9791079 -0.2001791 0.03572177 -0.9664863 -0.2417477 -0.08638465 -0.9738915 -0.2214829 -0.0498076 -0.5096933 -0.8564941 -0.08142876 0.01340591 -0.9996373 -0.02336049 0.01155197 -0.9996697 -0.02296102 -2.48302e-7 -1 -2.73372e-7 -2.50793e-7 -1 -1.62435e-7 -2.41406e-7 -1 -2.61035e-7 0 -1 -4.37032e-7 -1.95181e-7 -1 -5.06646e-7 -5.08054e-7 -1 -3.09697e-7 0.1620273 0.7283546 0.6657679 -0.1655613 0.6865721 -0.7079607 -0.3257058 0.9130223 -0.2455728 0.7072482 0.6987015 0.1077798 -0.06644582 0.9695047 0.2358934 -0.04638922 0.9979441 0.04422408 0.03017342 -0.9694949 0.2432476 0.04114115 -0.9780363 0.2043341 0.6780661 -0.7241454 0.1258568 -0.2121807 -0.9365603 -0.2789878 -0.07311886 -0.300174 0.9510779 -0.06211429 -0.302889 0.9509996 0.003289461 -0.7765149 0.6300904 -0.01739835 -0.7444631 0.6674369 -0.09952056 0.2524348 0.9624825 -0.09462904 0.2976112 0.9499858 -0.06134605 0.968558 0.2411062 -0.102292 0.5691704 0.8158318 0.9767655 0.1813141 -0.1142565 0.9793931 0.185474 -0.07992869 0.9790731 0.1846054 -0.08565491 0.9798677 0.1858832 -0.07284766 -0.9655258 -0.2425174 -0.09457945 -0.9412522 -0.2596365 0.215947 0.2405685 0.002722144 0.9706283 -0.238923 -0.003836035 -0.971031 -5.57796e-7 -1 -4.82095e-7 -1.85518e-7 -1 -7.44584e-7 -0.9868606 -0.1451731 -0.07092875 -0.9455437 -0.3254659 -0.004390597 -0.9809759 -0.1627908 0.1057617 -0.9994685 0.02651041 0.01897555 -0.9897586 0.04115742 -0.1366896 -0.9608441 -0.1227117 -0.2484359 -0.9365284 -0.3118448 -0.160211 -0.431047 -0.8536957 0.2922364 -0.5763458 -0.1587671 0.8016349 -0.6600058 0.6320116 0.4061451 -0.5993136 0.7042312 -0.3806335 -0.4485363 0.00799787 -0.8937288 -0.3699072 -0.7857133 -0.4958059 0.6880973 -0.6305897 0.3589969 0.5299966 0.007894694 0.8479632 0.4724846 0.7480767 0.4659825 0.5311202 0.8081417 -0.2545944 0.6479835 0.1654859 -0.7434594 0.7397087 -0.5679275 -0.3609563 0.98686 0.1451769 0.0709303 0.0489971 -0.9986813 -0.01532888 0.03206765 -0.9968003 -0.07321923 0.3308826 -0.9107927 0.246928 0.9650834 0.2071068 0.160377 0.9003883 0.2510347 0.3553626 0.9363937 0.2212629 0.2724146 -0.06448858 0.997881 0.008647739 -0.2714531 0.9616203 0.03999781 -0.06379282 0.9977958 0.01827979 -0.9307996 -0.1721208 -0.3224698 -0.9224487 0.1530936 -0.3544724 -0.8656209 -0.499502 0.03461807 0.9902915 0.01153028 0.1385281 0.7465916 0.5471256 0.3784901 0.3333325 0.9273536 -0.1700139 0.9557563 0.1699994 0.240063 0.8671387 0.1218452 0.482933 0.8127077 0.1920343 0.5501174 0.04857224 -0.9985793 -0.0219146 0.05733525 -0.9955927 -0.07421606 0.05623483 -0.9953563 -0.07812488 -0.9607464 -0.1600807 -0.2265852 -0.9127279 -0.1337215 -0.3860654 -0.9502654 -0.1221655 -0.2864813 -0.06420767 0.9957821 0.0655412 -0.9329717 -0.1037976 -0.3446592 -0.8876351 -0.0800603 -0.4535354 -0.922536 -0.06843376 -0.3797951 -0.8705908 -0.04452306 -0.4899892 -0.9185852 -0.03502428 -0.3936683 -0.884537 -0.02977252 -0.465519 0.07294255 -0.9906299 -0.1154639 0.07442277 -0.990524 -0.1154275 0.07058948 -0.9908144 -0.115343 0.06872367 -0.990868 -0.1160082 0.04551148 -0.9961284 -0.07521271 0.04226744 -0.9963484 -0.07418477 0.9453623 0.1318899 0.2981529 0.875222 0.04767143 0.4813667 0.9180473 0.081968 0.3879052 0.861327 0.01687198 0.5077709 0.9174531 0.05210697 0.3944171 0.8758564 0.003500878 0.4825593 -0.06271266 0.9951489 0.07580107 -0.07288825 0.9905996 0.1157575 -0.07223337 0.9905728 0.1163959 -0.0693404 0.9909412 0.1150107 -0.06825166 0.9910669 0.1145789 -0.04281812 0.9964463 0.07253611 0.5489842 -0.5489851 -0.6302634 0.548985 0.5489853 -0.6302623 0.5773504 -0.5773501 -0.5773503 0.8220173 -0.5369736 -0.1895967 0.9641247 -0.1658211 -0.207285 -0.04343074 -0.9963262 -0.07381129 0.9197294 -0.1585197 0.3591231 0.96412 0.1658458 0.2072867 -0.04343074 0.9963262 0.07381129</float_array>
          <technique_common>
            <accessor source="#Cone_001-mesh-normals-array" count="415" stride="3">
              <param name="X" type="float"/>
              <param name="Y" type="float"/>
              <param name="Z" type="float"/>
            </accessor>
          </technique_common>
        </source>
        <source id="Cone_001-mesh-map-0">
          <float_array id="Cone_001-mesh-map-0-array" count="3324">0.75 0.8125 0.6875 0.7500001 0.75 0.7500001 0.75 0.9375001 0.6875 0.9349786 0.75 0.9349786 0.75 0.8125 0.6875 0.875 0.6875 0.8125 0.6875 0.875 0.625 0.8125 0.6875 0.8125 0.6875 0.8125 0.625 0.7500001 0.6875 0.7500001 0.6875 0.9375001 0.625 0.9349787 0.6875 0.9349786 0.625 0.9375001 0.5625 0.9349786 0.625 0.9349787 0.625 0.875 0.5625 0.8125 0.625 0.8125 0.625 0.8125 0.5625 0.7500001 0.625 0.7500001 0.5625 0.875 0.5 0.8125 0.5625 0.8125 0.5625 0.8125 0.5 0.7500001 0.5625 0.7500001 0.5625 0.9375001 0.5 0.9349787 0.5625 0.9349786 0.5 0.9349787 0.4375 0.9375001 0.4375 0.9349787 0.5 0.8125 0.4375 0.875 0.4375 0.8125 0.5 0.8125 0.4375 0.7500001 0.5 0.7500001 0.4375 0.7500001 0.375 0.8125 0.375 0.7500001 0.4375 0.9349787 0.375 0.9375001 0.375 0.9349786 0.4375 0.8125 0.375 0.875 0.375 0.8125 0.375 0.9349786 0.3125 0.9375001 0.3125 0.9349787 0.375 0.8125 0.3125 0.875 0.3125 0.8125 0.375 0.7500001 0.3125 0.8125 0.3125 0.7500001 0.3125 0.7500001 0.25 0.8125 0.25 0.7500001 0.3125 0.9349787 0.2499999 0.9375001 0.2499999 0.9349786 0.3125 0.875 0.25 0.8125 0.3125 0.8125 0.2499999 0.9375001 0.1875 0.9349787 0.2499999 0.9349786 0.25 0.875 0.1875 0.8125 0.25 0.8125 0.25 0.7500001 0.1875 0.8125 0.1875 0.7500001 0.1875 0.9375001 0.1249999 0.9349787 0.1875 0.9349787 0.1875 0.875 0.125 0.8125 0.1875 0.8125 0.1875 0.7500001 0.125 0.8125 0.1249999 0.7500001 0.1249999 0.9375001 0.06249994 0.9349787 0.1249999 0.9349787 0.1249999 0.875 0.06249994 0.8125 0.125 0.8125 0.1249999 0.7500001 0.06249994 0.8125 0.06249994 0.7500001 0.06249994 0.9375001 0 0.9349787 0.06249994 0.9349787 0.06249994 0.875 0 0.8125 0.06249994 0.8125 0.06249994 0.7500001 0 0.8125 0 0.7500001 1 0.9349787 0.9374999 0.9375001 0.9374999 0.9349787 1 0.875 0.9375 0.8125 1 0.8125 1 0.7500001 0.9375 0.8125 0.9374999 0.7500001 0.9374999 0.9375001 0.8749999 0.9349786 0.9374999 0.9349787 0.9374999 0.875 0.8749999 0.8125 0.9375 0.8125 0.9374999 0.7500001 0.8749999 0.8125 0.8749999 0.7500001 0.8749999 0.875 0.8125 0.8125 0.8749999 0.8125 0.8749999 0.7500001 0.8125 0.8125 0.8124999 0.7500001 0.8749999 0.9375001 0.8124999 0.9349787 0.8749999 0.9349786 0.8124999 0.9349787 0.75 0.9375001 0.75 0.9349786 0.8125 0.8125 0.75 0.875 0.75 0.8125 0.8125 0.8125 0.75 0.7500001 0.8124999 0.7500001 1 0.7999922 0.875 1 0.8750001 0.7999922 0.875 1 0.75 0.7999922 0.8750001 0.7999922 0.75 0.7999922 0.625 1 0.625 0.7999922 0.625 1 0.5 0.7999922 0.625 0.7999922 0.5 1 0.375 0.7999922 0.5 0.7999922 0.375 0.7999922 0.25 1 0.25 0.7999922 0.4197056 0.08029437 0.49 0.25 0.00999999 0.25 0.25 1 0.125 0.7999923 0.25 0.7999922 0.125 0.7999923 0 1 0 0.7999922 0.125 0.6854764 0 0.7999922 0 0.6854763 0.25 0.7999922 0.125 0.6854764 0.25 0.6854763 0.375 0.7999922 0.25 0.6854763 0.375 0.6854764 0.5 0.7999922 0.375 0.6854764 0.5 0.6854763 0.625 0.6854763 0.5 0.7999922 0.5 0.6854763 0.75 0.6854763 0.625 0.7999922 0.625 0.6854763 0.875 0.6854763 0.75 0.7999922 0.75 0.6854763 1 0.7999922 0.875 0.6854763 1 0.6854763 0.8124999 0.875 0.75 0.9349786 0.75 0.875 0.8749999 0.875 0.8124999 0.9349787 0.8124999 0.875 0.9374999 0.875 0.8749999 0.9349786 0.8749999 0.875 1 0.875 0.9374999 0.9349787 0.9374999 0.875 0.06249994 0.875 0 0.9349787 0 0.875 0.1249999 0.875 0.06249994 0.9349787 0.06249994 0.875 0.1875 0.9349787 0.1249999 0.875 0.1875 0.875 0.2499999 0.9349786 0.1875 0.875 0.25 0.875 0.3125 0.9349787 0.25 0.875 0.3125 0.875 0.375 0.9349786 0.3125 0.875 0.375 0.875 0.4375 0.9349787 0.375 0.875 0.4375 0.875 0.5 0.9349787 0.4375 0.875 0.5 0.875 0.5625 0.9349786 0.5 0.875 0.5625 0.875 0.625 0.9349787 0.5625 0.875 0.625 0.875 0.6875 0.9349786 0.625 0.875 0.6875 0.875 0.75 0.9349786 0.6875 0.875 0.75 0.875 0.8124999 0.9375001 0.125 0.6854764 0.75 0.9375001 0.9374999 0.9375001 0.25 0.6854763 0.8749999 0.9375001 0.06249994 0.9375001 0.375 0.6854764 0 0.9375001 0.375 0.6854764 0.1875 0.9375001 0.5 0.6854763 0.3125 0.9375001 0.625 0.6854763 0.2499999 0.9375001 0.4375 0.9375001 0.75 0.6854763 0.375 0.9375001 0.5625 0.9375001 0.875 0.6854763 0.5 0.9375001 0.875 0.6854763 0.6875 0.9375001 1 0.6854763 0 0 0 0 0 0 0 0 0 0 0 0 0 0 0 0 0 0 0 0 0 0 0 0 0 0 0 0 0 0 0 0 0 0 0 0 0 0 0 0 0 0 0 0 0 0 0 0 0 0 0 0 0 0 0 0 0 0 0 0 0 0 0 0 0 0 0 0 0 0 0 0 0 0 0 0 0 0 0 0 0 0 0 0 0 0 0 0 0 0 0 0 0 0 0 0 0 0 0 0 0 0 0 0 0 0 0 0 0 0 0 0 0 0 0 0 0 0 0 0 0 0 0 0 0 0 0 0 0 0 0 0 0 0 0 0 0 0 0 0 0 0 0 0 0 0 0 0 0 0 0 0 0 0 0 0 0 0 0 0 0 0 0 0 0 0 0 0 0 0 0 0 0 0 0 0 0 0 0 0 0 0 0 0 0 0 0 0 0 0 0 0 0 0 0 0 0 0 0 0 0 0 0 0 0 0 0 0 0 0 0 0 0 0 0 0 0 0 0 0 0 0 0 0 0 0 0 0 0 0 0 0 0 0 0 0 0 0 0 0 0 0 0 0 0 0 0 0 0 0 0 0 0 0 0 0 0 0 0 0 0 0 0 0 0 0 0 0 0 0 0 0 0 0 0 0 0 0 0 0 0 0 0 0 0 0 0 0 0 0 0 0 0 0 0 0 0 0 0 0 0 0 0 0 0 0 0 0 0 0 0 0 0 0 0 0 0 0 0 0 0 0 0 0 0 0 0 0 0 0 0 0 0 0 0 0 0 0 0 0 0 0 0 0 0 0 0 0 0 0 0 0 0 0 0 0 0 0 0 0 0 0 0 0 0 0 0 0 0 0 0 0 0 0 0 0 0 0 0 0 0 0 0 0 0 0 0 0 0 0 0 0 0 0 0 0 0 0 0 0 0 0 0 0 0 0 0 0 0 0 0 0 0 0 0 0 0 0 0 0 0 0 0 0 0 0 0 0 0 0 0 0 0 0 0 0 0 0 0 0 0 0 0 0 0 0 0 0 0 0 0 0 0 0 0 0 0 0 0 0 0 0 0 0 0 0 0 0 0 0 0 0 0 0 0 0 0 0 0 0 0 0 0 0 0 0 0 0 0 0 0 0 0 0 0 0 0 0 0 0 0 0 0 0 0 0 0 0 0 0 0 0 0 0 0 0 0 0 0 0 0 0 0 0 0 0 0 0 0 0 0 0 0 0 0 0 0 0 0 0 0 0 0 0 0 0 0 0 0 0 0 0 0 0 0 0 0 0 0 0 0 0 0 0 0 0 0 0 0 0 0 0 0 0 0 0 0 0 0 0 0 0 0 0 0 0 0 0 0 0 0 0 0 0 0 0 0 0 0 0 0 0 0 0 0 0 0 0 0 0 0 0 0 0 0 0 0 0 0 0 0 0 0 0 0 0 0 0 0 0 0 0 0 0 0 0 0 0 0 0 0 0 0 0 0 0 0 0 0 0 0 0 0 0 0 0 0 0 0 0 0 0 0 0 0 0 0 0 0 0 0 0 0 0 0 0 0 0 0 0 0 0 0 0 0 0 0 0 0 0 0 0 0 0 0 0 0 0 0 0 0 0 0 0 0 0 0 0 0 0 0 0 0 0 0 0 0 0 0 0 0 0 0 0 0 0 0 0 0 0 0 0 0 0 0 0 0 0 0 0 0 0 0 0 0 0 0 0 0 0 0 0 0 0 0 0 0 0 0 0 0 0 0 0 0 0 0 0 0 0 0 0 0 0 0 0 0 0 0 0 0 0 0 0 0 0 0 0 0 0 0 0 0 0 0 0 0 0 0 0 0 0 0 0 0 0 0 0 0 0 0 0 0 0 0 0 0 0 0 0 0 0 0 0 0 0 0 0 0 0 0 0 0 0 0 0 0 0 0 0 0 0 0 0 0 0 0 0 0 0 0 0 0 0 0 0 0 0 0 0 0 0 0 0 0 0 0 0 0 0 0 0 0 0 0 0 0 0 0 0 0 0 0 0 0 0 0 0 0 0 0 0 0 0 0 0 0 0 0 0 0 0 0 0 0 0 0.5 0 0.625 0.25 0.5 0.25 0.625 0.25 0.5 0.5 0.5 0.25 0.625 0.5 0.5 0.75 0.5 0.5 0.625 0.75 0.5 1 0.5 0.75 0.375 0.5 0.125 0.75 0.125 0.5 0.875 0.5 0.625 0.75 0.625 0.5 0.375 0.75 0.5 1 0.375 1 0.5 0.5 0.375 0.75 0.375 0.5 0.5 0.25 0.375 0.5 0.375 0.25 0.375 0 0.5 0.25 0.375 0.25 0 0 0 0 0 0 0 0 0 0 0 0 0 0 0 0 0 0 0 0 0 0 0 0 0 0 0 0 0 0 0 0 0 0 0 0 0 0 0 0 0 0 0 0 0 0 0 0 0 0 0 0 0 0 0 0 0 0 0 0 0 0 0 0 0 0 0 0 0 0 0 0 0 0 0 0 0 0 0 0 0 0 0 0 0 0 0 0 0 0 0 0 0 0 0 0 0 0 0 0 0 0 0 0 0 0 0 0 0 0 0 0 0 0 0 0 0 0 0 0 0 0 0 0 0 0 0 0 0 0 0 0 0 0 0 0 0 0 0 0 0 0 0 0 0 0 0 0 0 0 0 0 0 0 0 0 0 0 0 0 0 0 0 0 0 0 0 0 0 0 0 0 0 0 0 0 0 0 0 0 0 0 0 0 0 0 0 0 0 0 0 0 0 0 0 0 0 0 0 0 0 0 0 0 0 0 0 0 0 0 0 0 0 0 0 0 0 0 0 0 0 0 0 0 0 0 0 0 0 0 0 0 0 0 0 0 0 0 0 0 0 0 0 0 0 0 0 0 0 0 0 0 0 0 0 0 0 0 0 0 0 0 0 0 0 0 0 0 0 0 0 0 0 0 0 0 0 0 0 0 0 0 0 0 0 0 0 0 0 0 0 0 0 0 0 0 0 0 0 0 0 0 0 0 0 0 0 0 0 0 0 0 0 0 0 0 0 0 0 0 0 0 0 0 0 0 0 0 0 0 0 0 0 0 0 0 0 0 0 0 0 0 0 0 0 0 0 0 0 0 0 0 0 0 0 0 0 0 0 0 0 0 0 0 0 0 0 0 0 0 0 0 0 0 0 0 0 0 0 0 0 0 0 0 0 0 0 0 0 0 0 0 0 0 0 0 0 0 0 0 0 0 0 0 0 0 0 0 0 0 0 0 0 0 0 0 0 0 0 0 0 0 0 0 0 0 0 0 0 0 0 0 0 0 0 0 0 0 0 0 0 0 0 0 0 0 0 0 0 0 0 0 0 0 0 0 0 0 0 0 0 0 0 0 0 0 0 0 0 0 0 0 0 0 0 0 0 0 0 0 0 0 0 0 0 0 0 0 0 0 0 0 0 0 0 0 0 0 0 0 0 0 0 0 0 0 0 0 0 0 0 0 0 0 0 0 0 0 0 0 0 0 0 0 0 0 0 0 0 0 0 0 0 0 0 0 0 0 0 0 0 0 0 0 0 0 0 0 0 0 0 0 0 0 0 0 0 0 0 0 0 0 0 0 0 0 0 0 0 0 0 0 0 0 0 0 0 0 0 0 0 0 0 0 0 0 0 0 0 0 0 0 0 0 0 0 0 0 0 0 0 0 0 0 0 0 0 0 0 0 0 0 0 0 0 0 0 0 0 0 0 0 0 0 0 0 0 0 0 0 0 0 0 0 0 0 0 0 0 0 0 0 0 0 0 0 0 0 0 0 0 0 0 0 0 0 0 0 0 0 0 0 0 0 0 0 0 0 0 0 0 0 0 0 0 0 0 0 0 0 0 0 0 0 0 0 0 0 0 0 0 0 0 0 0 0 0 0 0 0 0 0 0 0 0 0 0 0 0 0 0 0 0 0 0 0 0 0 0 0 0 0 0 0 0 0 0 0 0 0 0 0 0 0 0 0 0 0 0 0 0 0 0 0 0 0 0 0 0 0 0 0 0 0 0 0 0 0 0 0 0 0 0 0 0 0 0 0 0 0 0 0 0 0 0 0 0 0 0 0 0 0 0 0 0 0 0 0 0 0 0 0 0 0 0 0 0 0 0 0 0 0 0 0 0 0 0 0 0 0 0 0 0 0 0 0 0 0 0 0 0 0 0 0 0 0 0 0 0 0 0 0 0 0 0 0 0 0 0 0 0 0 0 0 0 0 0 0 0 0 0 0 0 0 0 0 0 0 0 0 0 0 0 0 0 0 0 0 0 0 0 0 0 0 0 0 0 0 0 0 0 0 0 0 0 0 0 0 0 0 0 0 0 0 0 0 0 0 0 0 0.75 0.8125 0.6875 0.8125 0.6875 0.7500001 0.75 0.9375001 0.6875 0.9375001 0.6875 0.9349786 0.75 0.8125 0.75 0.875 0.6875 0.875 0.6875 0.875 0.625 0.875 0.625 0.8125 0.6875 0.8125 0.625 0.8125 0.625 0.7500001 0.6875 0.9375001 0.625 0.9375001 0.625 0.9349787 0.625 0.9375001 0.5625 0.9375001 0.5625 0.9349786 0.625 0.875 0.5625 0.875 0.5625 0.8125 0.625 0.8125 0.5625 0.8125 0.5625 0.7500001 0.5625 0.875 0.5 0.875 0.5 0.8125 0.5625 0.8125 0.5 0.8125 0.5 0.7500001 0.5625 0.9375001 0.5 0.9375001 0.5 0.9349787 0.5 0.9349787 0.5 0.9375001 0.4375 0.9375001 0.5 0.8125 0.5 0.875 0.4375 0.875 0.5 0.8125 0.4375 0.8125 0.4375 0.7500001 0.4375 0.7500001 0.4375 0.8125 0.375 0.8125 0.4375 0.9349787 0.4375 0.9375001 0.375 0.9375001 0.4375 0.8125 0.4375 0.875 0.375 0.875 0.375 0.9349786 0.375 0.9375001 0.3125 0.9375001 0.375 0.8125 0.375 0.875 0.3125 0.875 0.375 0.7500001 0.375 0.8125 0.3125 0.8125 0.3125 0.7500001 0.3125 0.8125 0.25 0.8125 0.3125 0.9349787 0.3125 0.9375001 0.2499999 0.9375001 0.3125 0.875 0.25 0.875 0.25 0.8125 0.2499999 0.9375001 0.1875 0.9375001 0.1875 0.9349787 0.25 0.875 0.1875 0.875 0.1875 0.8125 0.25 0.7500001 0.25 0.8125 0.1875 0.8125 0.1875 0.9375001 0.1249999 0.9375001 0.1249999 0.9349787 0.1875 0.875 0.1249999 0.875 0.125 0.8125 0.1875 0.7500001 0.1875 0.8125 0.125 0.8125 0.1249999 0.9375001 0.06249994 0.9375001 0.06249994 0.9349787 0.1249999 0.875 0.06249994 0.875 0.06249994 0.8125 0.1249999 0.7500001 0.125 0.8125 0.06249994 0.8125 0.06249994 0.9375001 0 0.9375001 0 0.9349787 0.06249994 0.875 0 0.875 0 0.8125 0.06249994 0.7500001 0.06249994 0.8125 0 0.8125 1 0.9349787 1 0.9375001 0.9374999 0.9375001 1 0.875 0.9374999 0.875 0.9375 0.8125 1 0.7500001 1 0.8125 0.9375 0.8125 0.9374999 0.9375001 0.8749999 0.9375001 0.8749999 0.9349786 0.9374999 0.875 0.8749999 0.875 0.8749999 0.8125 0.9374999 0.7500001 0.9375 0.8125 0.8749999 0.8125 0.8749999 0.875 0.8124999 0.875 0.8125 0.8125 0.8749999 0.7500001 0.8749999 0.8125 0.8125 0.8125 0.8749999 0.9375001 0.8124999 0.9375001 0.8124999 0.9349787 0.8124999 0.9349787 0.8124999 0.9375001 0.75 0.9375001 0.8125 0.8125 0.8124999 0.875 0.75 0.875 0.8125 0.8125 0.75 0.8125 0.75 0.7500001 1 0.7999922 1 1 0.875 1 0.875 1 0.75 1 0.75 0.7999922 0.75 0.7999922 0.75 1 0.625 1 0.625 1 0.5 1 0.5 0.7999922 0.5 1 0.375 1 0.375 0.7999922 0.375 0.7999922 0.375 1 0.25 1 0.49 0.25 0.4197056 0.4197056 0.25 0.49 0.25 0.49 0.08029437 0.4197056 0.49 0.25 0.08029437 0.4197056 0.00999999 0.25 0.49 0.25 0.00999999 0.25 0.08029437 0.08029437 0.25 0.00999999 0.25 0.00999999 0.4197056 0.08029437 0.00999999 0.25 0.25 1 0.125 1 0.125 0.7999923 0.125 0.7999923 0.125 1 0 1 0.125 0.6854764 0.125 0.7999923 0 0.7999922 0.25 0.7999922 0.125 0.7999923 0.125 0.6854764 0.375 0.7999922 0.25 0.7999922 0.25 0.6854763 0.5 0.7999922 0.375 0.7999922 0.375 0.6854764 0.625 0.6854763 0.625 0.7999922 0.5 0.7999922 0.75 0.6854763 0.75 0.7999922 0.625 0.7999922 0.875 0.6854763 0.8750001 0.7999922 0.75 0.7999922 1 0.7999922 0.8750001 0.7999922 0.875 0.6854763 0.8124999 0.875 0.8124999 0.9349787 0.75 0.9349786 0.8749999 0.875 0.8749999 0.9349786 0.8124999 0.9349787 0.9374999 0.875 0.9374999 0.9349787 0.8749999 0.9349786 1 0.875 1 0.9349787 0.9374999 0.9349787 0.06249994 0.875 0.06249994 0.9349787 0 0.9349787 0.1249999 0.875 0.1249999 0.9349787 0.06249994 0.9349787 0.1875 0.9349787 0.1249999 0.9349787 0.1249999 0.875 0.2499999 0.9349786 0.1875 0.9349787 0.1875 0.875 0.3125 0.9349787 0.2499999 0.9349786 0.25 0.875 0.375 0.9349786 0.3125 0.9349787 0.3125 0.875 0.4375 0.9349787 0.375 0.9349786 0.375 0.875 0.5 0.9349787 0.4375 0.9349787 0.4375 0.875 0.5625 0.9349786 0.5 0.9349787 0.5 0.875 0.625 0.9349787 0.5625 0.9349786 0.5625 0.875 0.6875 0.9349786 0.625 0.9349787 0.625 0.875 0.75 0.9349786 0.6875 0.9349786 0.6875 0.875 0 0 0 0 0 0 0 0 0 0 0 0 0 0 0 0 0 0 0.5 0 0.625 0 0.625 0.25 0.625 0.25 0.625 0.5 0.5 0.5 0.625 0.5 0.625 0.75 0.5 0.75 0.625 0.75 0.625 1 0.5 1 0.375 0.5 0.375 0.75 0.125 0.75 0.875 0.5 0.875 0.75 0.625 0.75 0.375 0.75 0.5 0.75 0.5 1 0.5 0.5 0.5 0.75 0.375 0.75 0.5 0.25 0.5 0.5 0.375 0.5 0.375 0 0.5 0 0.5 0.25 0 0 0 0 0 0 0 0 0 0 0 0 0 0 0 0 0 0 0 0 0 0 0 0 0 0 0 0 0 0 0 0 0 0 0 0 0 0 0 0 0 0 0 0 0 0 0 0 0 0 0 0 0 0 0 0 0 0 0 0 0 0 0 0 0 0 0 0 0 0 0 0 0 0 0 0 0 0 0 0 0 0 0 0 0 0 0 0 0 0 0 0 0 0 0 0 0 0 0 0 0 0 0 0 0 0 0 0 0 0 0 0 0 0 0 0 0 0 0 0 0 0 0 0 0 0 0 0 0 0 0 0 0 0 0 0 0 0 0 0 0 0 0 0 0 0 0 0 0 0 0 0 0 0 0 0 0 0 0 0 0 0 0 0 0 0 0 0 0 0 0 0 0 0 0 0 0 0 0 0 0 0 0 0 0 0 0 0 0 0 0 0 0 0 0 0 0 0 0 0 0 0 0 0 0 0 0 0 0 0 0 0 0 0 0 0 0 0 0 0 0 0 0 0 0 0 0 0 0 0 0 0 0 0 0 0 0 0 0 0 0 0 0 0 0 0 0 0 0 0 0 0 0 0 0 0 0 0 0 0 0 0 0 0 0 0 0 0 0 0 0 0 0 0 0 0 0 0 0 0 0 0 0 0 0 0 0 0 0 0 0 0 0 0 0 0 0 0 0 0 0 0 0 0 0 0 0 0 0 0 0 0 0 0 0 0 0 0 0 0 0 0 0 0 0 0 0 0 0 0 0 0 0 0 0 0</float_array>
          <technique_common>
            <accessor source="#Cone_001-mesh-map-0-array" count="1662" stride="2">
              <param name="S" type="float"/>
              <param name="T" type="float"/>
            </accessor>
          </technique_common>
        </source>
        <source id="Cone_001-mesh-map-1">
          <float_array id="Cone_001-mesh-map-1-array" count="3324">0 0 0 0 0 0 0 0 0 0 0 0 0 0 0 0 0 0 0 0 0 0 0 0 0 0 0 0 0 0 0 0 0 0 0 0 0 0 0 0 0 0 0 0 0 0 0 0 0 0 0 0 0 0 0 0 0 0 0 0 0 0 0 0 0 0 0 0 0 0 0 0 0 0 0 0 0 0 0 0 0 0 0 0 0 0 0 0 0 0 0 0 0 0 0 0 0 0 0 0 0 0 0 0 0 0 0 0 0 0 0 0 0 0 0 0 0 0 0 0 0 0 0 0 0 0 0 0 0 0 0 0 0 0 0 0 0 0 0 0 0 0 0 0 0 0 0 0 0 0 0 0 0 0 0 0 0 0 0 0 0 0 0 0 0 0 0 0 0 0 0 0 0 0 0 0 0 0 0 0 0 0 0 0 0 0 0 0 0 0 0 0 0 0 0 0 0 0 0 0 0 0 0 0 0 0 0 0 0 0 0 0 0 0 0 0 0 0 0 0 0 0 0 0 0 0 0 0 0 0 0 0 0 0 0 0 0 0 0 0 0 0 0 0 0 0 0 0 0 0 0 0 0 0 0 0 0 0 0 0 0 0 0 0 0 0 0 0 0 0 0 0 0 0 0 0 0 0 0 0 0 0 0 0 0 0 0 0 0 0 0 0 0 0 0 0 0 0 0 0 0 0 0 0 0 0 0 0 0 0 0 0 0 0 0 0 0 0 0 0 0 0 0 0 0 0 0 0 0 0 0 0 0 0 0 0 0 0 0 0 0 0 0 0 0 0 0 0 0 0 0 0 0 0 0 0 0 0 0 0 0 0 0 0 0 0 0 0 0 0 0 0 0 0 0 0 0 0 0 0 0 0 0 0 0 0 0 0 0 0 0 0 0 0 0 0 0 0 0 0 0 0 0 0 0 0 0 0 0 0 0 0 0 0 0 0 0 0 0 0 0 0 0 0 0 0 0 0 0 0 0 0 0 0 0 0 0 0 0 0 0 0 0 0 0 0 0 0 0 0 0 0 0 0 0 0 0 0 0 0 0 0 0 0 0 0 0 0 0 0 0 0 0 0 0 0 0 0 0 0 0 0 0 0 0 0 0 0 0 0 0 0 0 0 0 0 0 0 0 0 0 0 0 0 0 0 0 0 0 0 0 0 0 0 0 0 0 0 0 0 0 0 0 0 0 0 0 0 0 0 0 0 0 0 1.299142 0.7077671 1.202852 0.7077671 1.202852 0.731933 1.202852 0.731933 1.299142 0.731933 1.299142 0.7077671 1.202852 0.7077671 1.299142 0.7077671 1.299142 0.7077671 0.2104185 0.4889574 0.2113097 0.4889574 0.2104185 0.4889574 0.2265183 0.4791653 0.2273361 0.4791653 0.2273895 0.4889574 0.2273895 0.4889574 0.2265108 0.4889574 0.2265183 0.4791653 0.2104383 0.4791653 0.2112707 0.4791653 0.2113097 0.4889574 0.2113097 0.4889574 0.2104185 0.4889574 0.2104383 0.4791653 1.299142 0.7077671 1.299142 0.731933 1.202852 0.731933 1.202852 0.731933 1.202852 0.7077671 1.299142 0.7077671 1.202852 0.6764137 1.299142 0.6764137 1.299142 0.6844256 1.299142 0.6844256 1.202852 0.6844256 1.202852 0.6764137 1.202852 0.6921131 1.299142 0.6921131 1.299142 0.699783 1.299142 0.699783 1.202852 0.699783 1.202852 0.6921131 1.202852 0.534993 1.205404 0.5294927 1.295632 0.5294927 1.295632 0.5294927 1.299142 0.534993 1.299142 0.5707536 1.202852 0.534993 1.295632 0.5294927 1.299142 0.5707536 1.202852 0.5707536 1.202852 0.534993 1.299142 0.5707536 1.226511 0.4889574 1.22739 0.4889574 1.22739 0.4889574 1.299142 0.6844256 1.299142 0.6764137 1.202852 0.6764137 1.202852 0.6764137 1.202852 0.6844256 1.299142 0.6844256 1.299142 0.699783 1.299142 0.6921131 1.202852 0.6921131 1.202852 0.6921131 1.202852 0.699783 1.299142 0.699783 1.299142 0.5707536 1.299142 0.534993 1.295632 0.5294927 1.295632 0.5294927 1.205404 0.5294927 1.202852 0.534993 1.299142 0.5707536 1.295632 0.5294927 1.202852 0.534993 1.202852 0.5707536 1.299142 0.5707536 1.202852 0.534993 1.225794 0.4791653 1.225791 0.4889574 1.225968 0.4889574 1.225968 0.4889574 1.225968 0.4791653 1.225794 0.4791653 1.211743 0.4791653 1.211735 0.4889574 1.211937 0.4889574 1.211937 0.4889574 1.211936 0.4791653 1.211743 0.4791653 1.226147 0.4791653 1.226148 0.4889574 1.226314 0.4889574 1.226314 0.4889574 1.226313 0.4791653 1.226147 0.4791653 1.211271 0.4791653 1.21131 0.4889574 1.211523 0.4889574 1.211523 0.4889574 1.211531 0.4791653 1.211271 0.4791653 1.226518 0.4791653 1.226511 0.4889574 1.22739 0.4889574 1.22739 0.4889574 1.227336 0.4791653 1.226518 0.4791653 1.210438 0.4791653 1.210418 0.4889574 1.21131 0.4889574 1.21131 0.4889574 1.211271 0.4791653 1.210438 0.4791653 1.216254 0.4791653 1.216254 0.4889574 1.217324 0.4889574 1.217324 0.4889574 1.217324 0.4791653 1.216254 0.4791653 1.220876 0.4791653 1.220876 0.4889574 1.222258 0.4889574 1.222258 0.4889574 1.222318 0.4791653 1.220876 0.4791653 1.220533 0.4791653 1.220556 0.4889574 1.220762 0.4889574 1.220762 0.4889574 1.220752 0.4791653 1.220533 0.4791653 1.217665 0.4791653 1.217687 0.4889574 1.220556 0.4889574 1.220556 0.4889574 1.220533 0.4791653 1.217665 0.4791653 1.217324 0.4791653 1.217324 0.4889574 1.217457 0.4889574 1.217457 0.4889574 1.217447 0.4791653 1.217324 0.4791653 1.289994 0.5262319 1.295632 0.5294927 1.205404 0.5294927 1.205404 0.5294927 1.211668 0.5262319 1.289994 0.5262319 1.211668 0.5262319 1.205404 0.5294927 1.295632 0.5294927 1.295632 0.5294927 1.289994 0.5262319 1.211668 0.5262319 1.220752 0.4791653 1.220762 0.4889574 1.220876 0.4889574 1.220876 0.4889574 1.220876 0.4791653 1.220752 0.4791653 1.217447 0.4791653 1.217457 0.4889574 1.217687 0.4889574 1.217687 0.4889574 1.217665 0.4791653 1.217447 0.4791653 1.202852 0.6844256 1.299142 0.6844256 1.299142 0.6921131 1.299142 0.6921131 1.202852 0.6921131 1.202852 0.6844256 1.202852 0.699783 1.299142 0.699783 1.299142 0.7077671 1.299142 0.7077671 1.202852 0.7077671 1.202852 0.699783 1.299142 0.6921131 1.299142 0.6844256 1.202852 0.6844256 1.202852 0.6844256 1.202852 0.6921131 1.299142 0.6921131 1.299142 0.7077671 1.299142 0.699783 1.202852 0.699783 1.202852 0.699783 1.202852 0.7077671 1.299142 0.7077671 1.226147 0.4791653 1.225968 0.4791653 1.225968 0.4889574 1.225968 0.4889574 1.226148 0.4889574 1.226147 0.4791653 1.212132 0.4791653 1.211936 0.4791653 1.211937 0.4889574 1.211937 0.4889574 1.212128 0.4889574 1.212132 0.4791653 1.226518 0.4791653 1.226313 0.4791653 1.226314 0.4889574 1.226314 0.4889574 1.226511 0.4889574 1.226518 0.4791653 1.211743 0.4791653 1.211531 0.4791653 1.211523 0.4889574 1.211523 0.4889574 1.211735 0.4889574 1.211743 0.4791653 1.952521 0.8034741 1.969105 0.8330172 1.935228 0.8326078 1.952521 0.8034741 1.935228 0.8326078 1.918643 0.803065 1.952521 0.8034741 1.918643 0.803065 1.935936 0.7739309 1.952521 0.8034741 1.935936 0.7739309 1.969814 0.7743403 1.952521 0.8034741 1.969814 0.7743403 1.986398 0.8038833 1.952521 0.8034741 1.986398 0.8038833 1.969105 0.8330172 1.969105 0.8330172 1.974446 0.8425325 1.929658 0.8419911 1.929658 0.8419911 1.935228 0.8326078 1.969105 0.8330172 1.935228 0.8326078 1.929658 0.8419911 1.907732 0.8029329 1.907732 0.8029329 1.918643 0.803065 1.935228 0.8326078 1.918643 0.803065 1.907732 0.8029329 1.930595 0.7644159 1.930595 0.7644159 1.935936 0.7739309 1.918643 0.803065 1.935936 0.7739309 1.930595 0.7644159 1.975383 0.764957 1.975383 0.764957 1.969814 0.7743403 1.935936 0.7739309 1.969814 0.7743403 1.975383 0.764957 1.997309 0.8040153 1.997309 0.8040153 1.986398 0.8038833 1.969814 0.7743403 1.986398 0.8038833 1.997309 0.8040153 1.974446 0.8425325 1.974446 0.8425325 1.969105 0.8330172 1.986398 0.8038833 1.909989 0.8498742 1.934799 0.8498743 1.934799 0.8846717 1.934799 0.8846717 1.909989 0.8846716 1.909989 0.8498742 1.909989 0.8498742 1.934799 0.8498743 1.934799 0.8846717 1.934799 0.8846717 1.909989 0.8846716 1.909989 0.8498742 1.909989 0.8498742 1.934799 0.8498743 1.934799 0.8846717 1.934799 0.8846717 1.909989 0.8846716 1.909989 0.8498742 1.909989 0.8498742 1.934799 0.8498743 1.934799 0.8846717 1.934799 0.8846717 1.909989 0.8846716 1.909989 0.8498742 1.909989 0.8498742 1.934799 0.8498743 1.934799 0.8846717 1.934799 0.8846717 1.909989 0.8846716 1.909989 0.8498742 1.909989 0.8498742 1.934799 0.8498743 1.934799 0.8846717 1.934799 0.8846717 1.909989 0.8846716 1.909989 0.8498742 1.974446 0.8425325 1.952521 0.8034741 1.929658 0.8419911 1.929658 0.8419911 1.952521 0.8034741 1.907732 0.8029329 1.907732 0.8029329 1.952521 0.8034741 1.930595 0.7644159 1.930595 0.7644159 1.952521 0.8034741 1.975384 0.764957 1.975384 0.764957 1.952521 0.8034741 1.997309 0.8040153 1.997309 0.8040153 1.952521 0.8034741 1.974446 0.8425325 1.952521 0.8034741 1.969105 0.8330172 1.935228 0.8326078 1.952521 0.8034741 1.935228 0.8326078 1.918643 0.803065 1.952521 0.8034741 1.918643 0.803065 1.935936 0.7739309 1.952521 0.8034741 1.935936 0.7739309 1.969814 0.7743403 1.952521 0.8034741 1.969814 0.7743403 1.986398 0.8038833 1.952521 0.8034741 1.986398 0.8038833 1.969105 0.8330172 1.969105 0.8330172 1.974446 0.8425325 1.929658 0.8419911 1.929658 0.8419911 1.935228 0.8326078 1.969105 0.8330172 1.935228 0.8326078 1.929658 0.8419911 1.907732 0.8029329 1.907732 0.8029329 1.918643 0.803065 1.935228 0.8326078 1.918643 0.803065 1.907732 0.8029329 1.930595 0.7644159 1.930595 0.7644159 1.935936 0.7739309 1.918643 0.803065 1.935936 0.7739309 1.930595 0.7644159 1.975383 0.764957 1.975383 0.764957 1.969814 0.7743403 1.935936 0.7739309 1.969814 0.7743403 1.975383 0.764957 1.997309 0.8040153 1.997309 0.8040153 1.986398 0.8038833 1.969814 0.7743403 1.986398 0.8038833 1.997309 0.8040153 1.974446 0.8425325 1.974446 0.8425325 1.969105 0.8330172 1.986398 0.8038833 1.909989 0.8498742 1.934799 0.8498743 1.934799 0.8846717 1.934799 0.8846717 1.909989 0.8846716 1.909989 0.8498742 1.909989 0.8498742 1.934799 0.8498743 1.934799 0.8846717 1.934799 0.8846717 1.909989 0.8846716 1.909989 0.8498742 1.909989 0.8498742 1.934799 0.8498743 1.934799 0.8846717 1.934799 0.8846717 1.909989 0.8846716 1.909989 0.8498742 1.909989 0.8498742 1.934799 0.8498743 1.934799 0.8846717 1.934799 0.8846717 1.909989 0.8846716 1.909989 0.8498742 1.909989 0.8498742 1.934799 0.8498743 1.934799 0.8846717 1.934799 0.8846717 1.909989 0.8846716 1.909989 0.8498742 1.909989 0.8498742 1.934799 0.8498743 1.934799 0.8846717 1.934799 0.8846717 1.909989 0.8846716 1.909989 0.8498742 1.974446 0.8425325 1.952521 0.8034741 1.929658 0.8419911 1.929658 0.8419911 1.952521 0.8034741 1.907732 0.8029329 1.907732 0.8029329 1.952521 0.8034741 1.930595 0.7644159 1.930595 0.7644159 1.952521 0.8034741 1.975384 0.764957 1.975384 0.764957 1.952521 0.8034741 1.997309 0.8040153 1.997309 0.8040153 1.952521 0.8034741 1.974446 0.8425325 0.2991418 0.7077671 0.2991418 0.731933 0.2028518 0.731933 0.2028518 0.731933 0.2028518 0.7077671 0.2991418 0.7077671 1.299142 0.7077671 1.202852 0.7077671 1.202852 0.731933 1.202852 0.731933 1.299142 0.731933 1.299142 0.7077671 0.2265108 0.4889574 0.2273895 0.4889574 0.2273895 0.4889574 1.210418 0.4889574 1.21131 0.4889574 1.21131 0.4889574 0 0 0 0 0 0 0 0 0 0 0 0 0 0 0 0 0 0 0 0 0 0 0 0 0 0 0 0 0 0 0 0 0 0 0 0 0 0 0 0 0 0 0 0 0 0 0 0 0 0 0 0 0 0 0 0 0 0 0 0 0 0 0.611159 0.2395826 0.611129 0.2444787 0 0 0.649571 0.2853768 0 0 0 0 0.608127 0.2395826 0 0 0 0 0.649571 0.2853768 0.601426 0.2853768 0.611129 0.2444787 1.222318 0.4791653 1.222258 0.4889574 0.601426 0.2853768 1.299142 0.5707536 0.649571 0.2853768 0.608127 0.2444787 1.216254 0.4791653 0.608127 0.2395826 0.601426 0.2853768 1.299142 0.5707536 1.202852 0.5707536 0 0 0.2405704 0.1352827 0 0 0 0 0.2451581 0.09779143 0.2451587 0.09583306 0 0 0.2405704 0.1352827 0.2598284 0.1352827 0 0 0.2424256 0.09779143 0 0 0.2405704 0.1352827 0.5196568 0.2705655 0.2598284 0.1352827 0.4811408 0.2705655 0.7794852 0.4058482 0.5196568 0.2705655 0.7217112 0.4058482 1.039314 0.541131 0.7794852 0.4058482 0.9622817 0.541131 1.299142 0.6764137 1.039314 0.541131 0.2451581 0.09779143 0.4903175 0.1916661 0.2451587 0.09583306 0.4903163 0.1955829 0.7354764 0.2874992 0.4903175 0.1916661 0.7354746 0.2933744 0.9806352 0.3833323 0.7354764 0.2874992 0.9806328 0.3911659 1.225794 0.4791653 0.9806352 0.3833323 0.2405704 0.1352827 0.5196568 0.2705655 0.4811408 0.2705655 0.4811408 0.2705655 0.7794852 0.4058482 0.7217112 0.4058482 0.7217112 0.4058482 1.039314 0.541131 0.9622816 0.541131 0.9622816 0.541131 1.299142 0.6764137 1.202852 0.6764137 0.2424263 0.09583306 0.4848512 0.1955829 0.2424256 0.09779143 0.4848528 0.1916661 0.7272768 0.2933744 0.4848512 0.1955829 0.7272792 0.2874992 0.9697024 0.3911659 0.7272768 0.2933744 0.9697024 0.3911659 1.212132 0.4791653 1.212128 0.4889574 1.202852 0.6764137 1.299142 0.6764137 1.299142 0.6844256 1.299142 0.6844256 1.202852 0.6844256 1.202852 0.6764137 1.202852 0.6921131 1.299142 0.6921131 1.299142 0.699783 1.299142 0.699783 1.202852 0.699783 1.202852 0.6921131 1.202852 0.534993 1.205404 0.5294927 1.295632 0.5294927 1.295632 0.5294927 1.299142 0.534993 1.299142 0.5707536 1.202852 0.534993 1.295632 0.5294927 1.299142 0.5707536 1.202852 0.5707536 1.202852 0.534993 1.299142 0.5707536 1.299142 0.6844256 1.299142 0.6764137 1.202852 0.6764137 1.202852 0.6764137 1.202852 0.6844256 1.299142 0.6844256 1.299142 0.699783 1.299142 0.6921131 1.202852 0.6921131 1.202852 0.6921131 1.202852 0.699783 1.299142 0.699783 1.299142 0.5707536 1.299142 0.534993 1.295632 0.5294927 1.295632 0.5294927 1.205404 0.5294927 1.202852 0.534993 1.299142 0.5707536 1.295632 0.5294927 1.202852 0.534993 1.202852 0.5707536 1.299142 0.5707536 1.202852 0.534993 1.225794 0.4791653 1.225791 0.4889574 1.225968 0.4889574 1.225968 0.4889574 1.225968 0.4791653 1.225794 0.4791653 1.211743 0.4791653 1.211735 0.4889574 1.211937 0.4889574 1.211937 0.4889574 1.211936 0.4791653 1.211743 0.4791653 1.226147 0.4791653 1.226148 0.4889574 1.226314 0.4889574 1.226314 0.4889574 1.226313 0.4791653 1.226147 0.4791653 1.211271 0.4791653 1.21131 0.4889574 1.211523 0.4889574 1.211523 0.4889574 1.211531 0.4791653 1.211271 0.4791653 1.216254 0.4791653 1.216254 0.4889574 1.217324 0.4889574 1.217324 0.4889574 1.217324 0.4791653 1.216254 0.4791653 1.220876 0.4791653 1.220876 0.4889574 1.222258 0.4889574 1.222258 0.4889574 1.222318 0.4791653 1.220876 0.4791653 1.220533 0.4791653 1.220556 0.4889574 1.220762 0.4889574 1.220762 0.4889574 1.220752 0.4791653 1.220533 0.4791653 1.217665 0.4791653 1.217687 0.4889574 1.220556 0.4889574 1.220556 0.4889574 1.220533 0.4791653 1.217665 0.4791653 1.217324 0.4791653 1.217324 0.4889574 1.217457 0.4889574 1.217457 0.4889574 1.217447 0.4791653 1.217324 0.4791653 1.289994 0.5262319 1.295632 0.5294927 1.205404 0.5294927 1.205404 0.5294927 1.211668 0.5262319 1.289994 0.5262319 1.211668 0.5262319 1.205404 0.5294927 1.295632 0.5294927 1.295632 0.5294927 1.289994 0.5262319 1.211668 0.5262319 1.220752 0.4791653 1.220762 0.4889574 1.220876 0.4889574 1.220876 0.4889574 1.220876 0.4791653 1.220752 0.4791653 1.217447 0.4791653 1.217457 0.4889574 1.217687 0.4889574 1.217687 0.4889574 1.217665 0.4791653 1.217447 0.4791653 1.202852 0.6844256 1.299142 0.6844256 1.299142 0.6921131 1.299142 0.6921131 1.202852 0.6921131 1.202852 0.6844256 1.202852 0.699783 1.299142 0.699783 1.299142 0.7077671 1.299142 0.7077671 1.202852 0.7077671 1.202852 0.699783 1.299142 0.6921131 1.299142 0.6844256 1.202852 0.6844256 1.202852 0.6844256 1.202852 0.6921131 1.299142 0.6921131 1.299142 0.7077671 1.299142 0.699783 1.202852 0.699783 1.202852 0.699783 1.202852 0.7077671 1.299142 0.7077671 1.226147 0.4791653 1.225968 0.4791653 1.225968 0.4889574 1.225968 0.4889574 1.226148 0.4889574 1.226147 0.4791653 1.212132 0.4791653 1.211936 0.4791653 1.211937 0.4889574 1.211937 0.4889574 1.212128 0.4889574 1.212132 0.4791653 1.226518 0.4791653 1.226313 0.4791653 1.226314 0.4889574 1.226314 0.4889574 1.226511 0.4889574 1.226518 0.4791653 1.211743 0.4791653 1.211531 0.4791653 1.211523 0.4889574 1.211523 0.4889574 1.211735 0.4889574 1.211743 0.4791653 1.952521 0.8034741 1.969105 0.8330172 1.935228 0.8326078 1.952521 0.8034741 1.935228 0.8326078 1.918643 0.803065 1.952521 0.8034741 1.918643 0.803065 1.935936 0.7739309 1.952521 0.8034741 1.935936 0.7739309 1.969814 0.7743403 1.952521 0.8034741 1.969814 0.7743403 1.986398 0.8038833 1.952521 0.8034741 1.986398 0.8038833 1.969105 0.8330172 1.969105 0.8330172 1.974446 0.8425325 1.929658 0.8419911 1.929658 0.8419911 1.935228 0.8326078 1.969105 0.8330172 1.935228 0.8326078 1.929658 0.8419911 1.907732 0.8029329 1.907732 0.8029329 1.918643 0.803065 1.935228 0.8326078 1.918643 0.803065 1.907732 0.8029329 1.930595 0.7644159 1.930595 0.7644159 1.935936 0.7739309 1.918643 0.803065 1.935936 0.7739309 1.930595 0.7644159 1.975383 0.764957 1.975383 0.764957 1.969814 0.7743403 1.935936 0.7739309 1.969814 0.7743403 1.975383 0.764957 1.997309 0.8040153 1.997309 0.8040153 1.986398 0.8038833 1.969814 0.7743403 1.986398 0.8038833 1.997309 0.8040153 1.974446 0.8425325 1.974446 0.8425325 1.969105 0.8330172 1.986398 0.8038833 1.909989 0.8498742 1.934799 0.8498743 1.934799 0.8846717 1.934799 0.8846717 1.909989 0.8846716 1.909989 0.8498742 1.909989 0.8498742 1.934799 0.8498743 1.934799 0.8846717 1.934799 0.8846717 1.909989 0.8846716 1.909989 0.8498742 1.909989 0.8498742 1.934799 0.8498743 1.934799 0.8846717 1.934799 0.8846717 1.909989 0.8846716 1.909989 0.8498742 1.909989 0.8498742 1.934799 0.8498743 1.934799 0.8846717 1.934799 0.8846717 1.909989 0.8846716 1.909989 0.8498742 1.909989 0.8498742 1.934799 0.8498743 1.934799 0.8846717 1.934799 0.8846717 1.909989 0.8846716 1.909989 0.8498742 1.909989 0.8498742 1.934799 0.8498743 1.934799 0.8846717 1.934799 0.8846717 1.909989 0.8846716 1.909989 0.8498742 1.974446 0.8425325 1.952521 0.8034741 1.929658 0.8419911 1.929658 0.8419911 1.952521 0.8034741 1.907732 0.8029329 1.907732 0.8029329 1.952521 0.8034741 1.930595 0.7644159 1.930595 0.7644159 1.952521 0.8034741 1.975384 0.764957 1.975384 0.764957 1.952521 0.8034741 1.997309 0.8040153 1.997309 0.8040153 1.952521 0.8034741 1.974446 0.8425325 0 0 0.611159 0.2395826 0.611129 0.2444787 0 0 0.649571 0.2853768 0 0 0 0 0.608127 0.2395826 0 0 0 0 0.649571 0.2853768 0.601426 0.2853768 0.611129 0.2444787 1.222318 0.4791653 1.222258 0.4889574 0.601426 0.2853768 1.299142 0.5707536 0.649571 0.2853768 0.608127 0.2444787 1.216254 0.4791653 0.608127 0.2395826 0.601426 0.2853768 1.299142 0.5707536 1.202852 0.5707536 0 0 0.2405704 0.1352827 0 0 0 0 0.2451581 0.09779143 0.2451587 0.09583306 0 0 0.2405704 0.1352827 0.2598284 0.1352827 0 0 0.2424256 0.09779143 0 0 0.2405704 0.1352827 0.5196568 0.2705655 0.2598284 0.1352827 0.4811408 0.2705655 0.7794852 0.4058482 0.5196568 0.2705655 0.7217112 0.4058482 1.039314 0.541131 0.7794852 0.4058482 0.9622817 0.541131 1.299142 0.6764137 1.039314 0.541131 0.2451581 0.09779143 0.4903175 0.1916661 0.2451587 0.09583306 0.4903163 0.1955829 0.7354764 0.2874992 0.4903175 0.1916661 0.7354746 0.2933744 0.9806352 0.3833323 0.7354764 0.2874992 0.9806328 0.3911659 1.225794 0.4791653 0.9806352 0.3833323 0.2405704 0.1352827 0.5196568 0.2705655 0.4811408 0.2705655 0.4811408 0.2705655 0.7794852 0.4058482 0.7217112 0.4058482 0.7217112 0.4058482 1.039314 0.541131 0.9622816 0.541131 0.9622816 0.541131 1.299142 0.6764137 1.202852 0.6764137 0.2424263 0.09583306 0.4848512 0.1955829 0.2424256 0.09779143 0.4848528 0.1916661 0.7272768 0.2933744 0.4848512 0.1955829 0.7272792 0.2874992 0.9697024 0.3911659 0.7272768 0.2933744 0.9697024 0.3911659 1.212132 0.4791653 1.212128 0.4889574 0 0 0 0 0 0 0 0 0 0 0 0 0 0 0 0 0 0 0 0 0 0 0 0 0 0 0 0 0 0 0 0 0 0 0 0 0 0 0 0 0 0 0 0 0 0 0 0 0 0 0 0 0 0 0 0 0 0 0 0 0 0 0 0 0 0 0 0 0 0 0 0 0 0 0 0 0 0 0 0 0 0 0 0 0 0 0 0 0 0 0 0 0 0 0 0 0 0 0 0 0 0 0 0 0 0 0 0 0 0 0 0 0 0 0 0 0 0 0 0 0 0 0 0 0 0 0 0 0 0 0 0 0 0 0 0 0 0 0 0 0 0 0 0 0 0 0 0 0 0 0 0 0 0 0 0 0 0 0 0 0 0 0 0 0 0 0 0 0 0 0 0 0 0 0 0 0 0 0 0 0 0 0 0 0 0 0 0 0 0 0 0 0 0 0 0 0 0 0 0 0 0 0 0 0 0 0 0 0 0 0 0 0 0 0 0 0 0 0 0 0 0 0 0 0 0 0 0 0 0 0 0 0 0 0 0 0 0 0 0 0 0 0 0 0 0 0 0 0 0 0 0 0 0 0 0 0 0 0 0 0 0 0 0 0 0 0 0 0 0 0 0 0 0 0 0 0 0 0 0 0 0 0 0 0 0 0 0 0 0 0 0 0 0 0 0 0 0 0 0 0 0 0 0 0 0 0 0 0 0 0 0 0 0 0 0 0 0 0 0 0 0 0 0 0 0 0 0 0 0 0 0 0 0 0 0 0 0 0 0 0 0 0 0 0 0 0 0 0 0 0 0 0 0 0 0 0 0 0 0 0 0 0 0 0 0 0 0 0 0 0 0 0 0 0 0 0 0 0 0 0 0 0 0 0 0 0 0 0 0 0 0 0 0 0 0 0 0 0 0 0 0 0 0 0 0 0 0 0 0 0 0 0 0 0 0 0 0 0 0 0 0 0 0 0 0 0 0 0 0 0 0 0 0 0 0 0 0 0 0 0 0 0 0 0 0 0 0 0 0 0 0 0 0 0 0 0 0 0 0 0 0 0 0 0 0 0 0 0 0 0 0 0 0 0 0 0 0 0 0 0 0 0 0 0 0 0 0 0 0 0 0 0 0 0 0 0 0 0 0 0 0 0 0 0 0 0 0 0 0 1.202852 0.7077671 1.202852 0.7077671 1.299142 0.7077671 1.226511 0.4889574 1.226511 0.4889574 1.22739 0.4889574 1.210418 0.4889574 1.210418 0.4889574 1.21131 0.4889574 0 0 0 0 0 0 0 0 0 0 0 0 0 0 0 0 0 0 0 0 0 0 0 0 0 0 0 0 0 0 0 0 0 0 0 0 0 0 0 0 0 0 0 0 0 0 0 0 0 0 0 0 0 0 0 0 0 0 0 0 0 0 0 0 0.611159 0.2395826 0 0 0.601426 0.2853768 0.649571 0.2853768 0 0 0.608127 0.2444787 0.608127 0.2395826 0 0 0 0 0.649571 0.2853768 0.611129 0.2444787 0.611159 0.2395826 1.222318 0.4791653 0.601426 0.2853768 1.202852 0.5707536 1.299142 0.5707536 0.608127 0.2444787 1.216254 0.4889574 1.216254 0.4791653 0.601426 0.2853768 0.649571 0.2853768 1.299142 0.5707536 0 0 0.2598284 0.1352827 0.2405704 0.1352827 0 0 0 0 0.2451581 0.09779143 0 0 0 0 0.2405704 0.1352827 0 0 0.2424263 0.09583306 0.2424256 0.09779143 0.2405704 0.1352827 0.4811408 0.2705655 0.5196568 0.2705655 0.4811408 0.2705655 0.7217112 0.4058482 0.7794852 0.4058482 0.7217112 0.4058482 0.9622817 0.541131 1.039314 0.541131 0.9622817 0.541131 1.202852 0.6764137 1.299142 0.6764137 0.2451581 0.09779143 0.4903163 0.1955829 0.4903175 0.1916661 0.4903163 0.1955829 0.7354746 0.2933744 0.7354764 0.2874992 0.7354746 0.2933744 0.9806328 0.3911659 0.9806352 0.3833323 0.9806328 0.3911659 1.225791 0.4889574 1.225794 0.4791653 0.2405704 0.1352827 0.2598284 0.1352827 0.5196568 0.2705655 0.4811408 0.2705655 0.5196568 0.2705655 0.7794852 0.4058482 0.7217112 0.4058482 0.7794852 0.4058482 1.039314 0.541131 0.9622816 0.541131 1.039314 0.541131 1.299142 0.6764137 0.2424263 0.09583306 0.4848528 0.1916661 0.4848512 0.1955829 0.4848528 0.1916661 0.7272792 0.2874992 0.7272768 0.2933744 0.7272792 0.2874992 0.9697056 0.3833323 0.9697024 0.3911659 0.9697024 0.3911659 0.9697056 0.3833323 1.212132 0.4791653 0 0 0 0 0.611159 0.2395826 0 0 0.601426 0.2853768 0.649571 0.2853768 0 0 0.608127 0.2444787 0.608127 0.2395826 0 0 0 0 0.649571 0.2853768 0.611129 0.2444787 0.611159 0.2395826 1.222318 0.4791653 0.601426 0.2853768 1.202852 0.5707536 1.299142 0.5707536 0.608127 0.2444787 1.216254 0.4889574 1.216254 0.4791653 0.601426 0.2853768 0.649571 0.2853768 1.299142 0.5707536 0 0 0.2598284 0.1352827 0.2405704 0.1352827 0 0 0 0 0.2451581 0.09779143 0 0 0 0 0.2405704 0.1352827 0 0 0.2424263 0.09583306 0.2424256 0.09779143 0.2405704 0.1352827 0.4811408 0.2705655 0.5196568 0.2705655 0.4811408 0.2705655 0.7217112 0.4058482 0.7794852 0.4058482 0.7217112 0.4058482 0.9622817 0.541131 1.039314 0.541131 0.9622817 0.541131 1.202852 0.6764137 1.299142 0.6764137 0.2451581 0.09779143 0.4903163 0.1955829 0.4903175 0.1916661 0.4903163 0.1955829 0.7354746 0.2933744 0.7354764 0.2874992 0.7354746 0.2933744 0.9806328 0.3911659 0.9806352 0.3833323 0.9806328 0.3911659 1.225791 0.4889574 1.225794 0.4791653 0.2405704 0.1352827 0.2598284 0.1352827 0.5196568 0.2705655 0.4811408 0.2705655 0.5196568 0.2705655 0.7794852 0.4058482 0.7217112 0.4058482 0.7794852 0.4058482 1.039314 0.541131 0.9622816 0.541131 1.039314 0.541131 1.299142 0.6764137 0.2424263 0.09583306 0.4848528 0.1916661 0.4848512 0.1955829 0.4848528 0.1916661 0.7272792 0.2874992 0.7272768 0.2933744 0.7272792 0.2874992 0.9697056 0.3833323 0.9697024 0.3911659 0.9697024 0.3911659 0.9697056 0.3833323 1.212132 0.4791653</float_array>
          <technique_common>
            <accessor source="#Cone_001-mesh-map-1-array" count="1662" stride="2">
              <param name="S" type="float"/>
              <param name="T" type="float"/>
            </accessor>
          </technique_common>
        </source>
        <vertices id="Cone_001-mesh-vertices">
          <input semantic="POSITION" source="#Cone_001-mesh-positions"/>
        </vertices>
        <triangles material="off_road_lights-material" count="554">
          <input semantic="VERTEX" source="#Cone_001-mesh-vertices" offset="0"/>
          <input semantic="NORMAL" source="#Cone_001-mesh-normals" offset="1"/>
          <input semantic="TEXCOORD" source="#Cone_001-mesh-map-0" offset="2" set="0"/>
          <input semantic="TEXCOORD" source="#Cone_001-mesh-map-1" offset="2" set="1"/>
          <p>61 0 0 5 1 1 1 2 2 79 3 3 81 4 4 80 5 5 61 0 6 3 6 7 4 7 8 3 6 9 8 8 10 4 7 11 4 7 12 9 9 13 5 1 14 2 10 15 82 11 16 81 4 17 6 12 18 83 13 19 82 11 20 7 14 21 12 15 22 8 8 23 8 8 24 13 16 25 9 9 26 11 17 27 16 18 28 12 15 29 12 15 30 17 19 31 13 16 32 10 20 33 84 21 34 83 13 35 84 21 36 18 22 37 85 23 38 16 18 39 19 24 40 20 25 41 16 18 42 21 26 43 17 19 44 21 26 45 24 27 46 25 28 47 85 23 48 22 29 49 86 30 50 20 25 51 23 31 52 24 27 53 86 30 54 26 32 55 87 33 56 24 27 57 27 34 58 28 35 59 25 28 60 28 35 61 29 36 62 29 36 63 31 37 64 32 38 65 87 33 66 78 39 67 88 40 68 27 34 69 31 37 70 28 35 71 78 39 72 89 41 73 88 40 74 30 42 75 35 43 76 31 37 77 32 38 78 35 43 79 36 44 80 33 45 81 90 46 82 89 41 83 34 47 84 39 48 85 35 43 86 36 44 87 39 48 88 40 49 89 37 50 90 91 51 91 90 46 92 38 52 93 43 53 94 39 48 95 40 49 96 43 53 97 44 54 98 41 55 99 92 56 100 91 51 101 42 57 102 47 58 103 43 53 104 44 54 105 47 58 106 48 59 107 92 56 108 49 60 109 93 61 110 46 62 111 51 63 112 47 58 113 48 59 114 51 63 115 52 64 116 49 60 117 94 65 118 93 61 119 50 66 120 55 67 121 51 63 122 52 64 123 55 67 124 56 68 125 54 69 126 59 70 127 55 67 128 56 68 129 59 70 130 60 71 131 53 72 132 95 73 133 94 65 134 95 73 135 79 3 136 80 5 137 59 70 138 0 74 139 61 0 140 59 70 141 1 2 142 60 71 143 70 75 144 63 76 145 71 77 146 63 76 147 72 78 148 71 77 149 72 78 150 65 79 151 73 80 152 65 79 153 74 81 154 73 80 155 66 82 156 75 83 157 74 81 158 75 83 159 68 84 160 76 85 161 65 79 162 64 86 163 68 84 164 68 84 165 77 87 166 76 85 167 77 87 168 62 88 169 70 75 170 53 72 171 70 75 172 79 3 173 76 85 174 53 72 175 45 89 176 75 83 177 45 89 178 37 50 179 74 81 180 37 50 181 78 39 182 22 29 183 74 81 184 78 39 185 14 90 186 73 80 187 22 29 188 6 12 189 72 78 190 14 90 191 70 75 192 6 12 193 79 3 194 58 91 195 80 5 196 0 74 197 54 69 198 95 73 199 58 91 200 50 66 201 94 65 202 54 69 203 46 62 204 93 61 205 50 66 206 42 57 207 92 56 208 46 62 209 38 52 210 91 51 211 42 57 212 89 41 213 38 52 214 34 47 215 88 40 216 34 47 217 30 42 218 87 33 219 30 42 220 27 34 221 86 30 222 27 34 223 23 31 224 85 23 225 23 31 226 19 24 227 84 21 228 19 24 229 15 92 230 83 13 231 15 92 232 11 17 233 82 11 234 11 17 235 7 14 236 81 4 237 7 14 238 3 6 239 80 5 240 3 6 241 0 74 242 57 93 243 53 72 244 79 3 245 49 60 246 45 89 247 53 72 248 41 55 249 37 50 250 45 89 251 37 50 252 33 45 253 78 39 254 26 32 255 22 29 256 78 39 257 18 22 258 14 90 259 22 29 260 10 20 261 6 12 262 14 90 263 6 12 264 2 10 265 79 3 266 96 94 267 217 95 268 100 96 269 100 96 270 101 97 271 96 94 272 118 98 273 178 99 274 116 100 275 97 101 276 232 102 277 177 103 278 96 104 279 101 105 280 117 106 281 117 106 282 271 107 283 96 104 284 100 96 285 217 95 286 232 102 287 232 102 288 97 101 289 100 96 290 98 108 291 101 97 292 100 96 293 100 96 294 99 109 295 98 108 296 105 110 297 104 111 298 107 112 299 107 112 300 106 113 301 105 110 302 109 114 303 108 115 304 111 116 305 111 116 306 110 117 307 109 114 308 115 118 309 114 119 310 113 120 311 113 120 312 112 121 313 102 122 314 115 118 315 113 120 316 102 122 317 103 123 318 115 118 319 102 122 320 116 100 321 179 124 322 117 106 323 122 125 324 121 126 325 124 127 326 124 127 327 123 128 328 122 125 329 126 129 330 125 130 331 128 131 332 128 131 333 127 132 334 126 129 335 120 133 336 132 134 337 131 135 338 131 135 339 130 136 340 129 137 341 120 133 342 131 135 343 129 137 344 119 138 345 120 133 346 129 137 347 104 139 348 121 140 349 122 141 350 122 141 351 107 142 352 104 139 353 109 114 354 128 131 355 123 128 356 123 128 357 106 113 358 109 114 359 108 143 360 125 144 361 126 145 362 126 145 363 111 146 364 108 143 365 99 109 366 118 98 367 127 132 368 127 132 369 110 117 370 99 109 371 98 147 372 116 100 373 117 106 374 117 106 375 101 105 376 98 147 377 100 96 378 97 101 379 118 98 380 118 98 381 99 109 382 100 96 383 103 148 384 119 149 385 129 150 386 129 150 387 115 151 388 103 148 389 112 152 390 132 153 391 120 154 392 120 154 393 102 155 394 112 152 395 133 156 396 134 157 397 131 158 398 131 158 399 113 159 400 133 156 401 135 160 402 136 161 403 134 157 404 134 157 405 133 156 406 135 160 407 115 151 408 129 150 409 130 162 410 130 163 411 114 119 412 115 118 413 133 164 414 113 120 415 114 119 416 114 165 417 135 166 418 133 167 419 136 168 420 130 136 421 131 135 422 131 135 423 134 169 424 136 168 425 113 159 426 131 158 427 132 153 428 132 153 429 112 152 430 113 159 431 114 119 432 130 163 433 136 161 434 136 161 435 135 160 436 114 119 437 106 113 438 107 112 439 108 115 440 108 115 441 109 114 442 106 113 443 110 117 444 111 116 445 98 108 446 98 108 447 99 109 448 110 117 449 125 130 450 122 125 451 123 128 452 123 128 453 128 131 454 125 130 455 116 100 456 126 129 457 127 132 458 127 132 459 118 98 460 116 100 461 108 143 462 107 142 463 122 141 464 122 141 465 125 144 466 108 143 467 105 110 468 106 113 469 123 128 470 123 128 471 124 127 472 105 110 473 98 147 474 111 146 475 126 145 476 126 145 477 116 100 478 98 147 479 109 114 480 110 117 481 127 132 482 127 132 483 128 131 484 109 114 485 137 170 486 138 171 487 139 172 488 137 170 489 139 172 490 140 173 491 137 170 492 140 173 493 141 174 494 137 170 495 141 174 496 142 175 497 137 170 498 142 175 499 143 176 500 137 170 501 143 176 502 138 171 503 138 171 504 144 177 505 145 178 506 145 178 507 139 172 508 138 171 509 139 172 510 145 178 511 146 179 512 146 179 513 140 173 514 139 172 515 140 173 516 146 179 517 147 180 518 147 180 519 141 174 520 140 173 521 141 174 522 147 180 523 148 181 524 148 181 525 142 175 526 141 174 527 142 175 528 148 181 529 149 182 530 149 182 531 143 176 532 142 175 533 143 176 534 149 182 535 144 177 536 144 177 537 138 171 538 143 176 539 144 177 540 150 183 541 151 184 542 151 184 543 145 178 544 144 177 545 145 178 546 151 184 547 152 185 548 152 185 549 146 179 550 145 178 551 146 179 552 152 185 553 153 186 554 153 186 555 147 180 556 146 179 557 147 180 558 153 186 559 154 187 560 154 187 561 148 181 562 147 180 563 148 181 564 154 187 565 155 188 566 155 188 567 149 182 568 148 181 569 149 182 570 155 188 571 150 183 572 150 183 573 144 177 574 149 182 575 150 183 576 156 189 577 151 184 578 151 184 579 156 189 580 152 185 581 152 185 582 156 189 583 153 186 584 153 186 585 156 189 586 154 187 587 154 187 588 156 189 589 155 188 590 155 188 591 156 189 592 150 183 593 157 190 594 158 191 595 159 192 596 157 190 597 159 192 598 160 193 599 157 190 600 160 193 601 161 194 602 157 190 603 161 194 604 162 195 605 157 190 606 162 195 607 163 196 608 157 190 609 163 196 610 158 191 611 158 191 612 164 197 613 165 198 614 165 198 615 159 192 616 158 191 617 159 192 618 165 198 619 166 199 620 166 199 621 160 193 622 159 192 623 160 193 624 166 199 625 167 200 626 167 200 627 161 194 628 160 193 629 161 194 630 167 200 631 168 201 632 168 201 633 162 195 634 161 194 635 162 195 636 168 201 637 169 202 638 169 202 639 163 196 640 162 195 641 163 196 642 169 202 643 164 197 644 164 197 645 158 191 646 163 196 647 164 197 648 170 203 649 171 204 650 171 204 651 165 198 652 164 197 653 165 198 654 171 204 655 172 205 656 172 205 657 166 199 658 165 198 659 166 199 660 172 205 661 173 206 662 173 206 663 167 200 664 166 199 665 167 200 666 173 206 667 174 207 668 174 207 669 168 201 670 167 200 671 168 201 672 174 207 673 175 208 674 175 208 675 169 202 676 168 201 677 169 202 678 175 208 679 170 203 680 170 203 681 164 197 682 169 202 683 170 203 684 176 209 685 171 204 686 171 204 687 176 209 688 172 205 689 172 205 690 176 209 691 173 206 692 173 206 693 176 209 694 174 207 695 174 207 696 176 209 697 175 208 698 175 208 699 176 209 700 170 203 701 271 210 702 179 211 703 177 103 704 177 103 705 232 102 706 271 210 707 178 99 708 180 212 709 177 103 710 177 103 711 179 211 712 178 99 713 271 107 714 117 106 715 179 124 716 97 101 717 180 212 718 118 98 719 189 213 720 184 214 721 190 215 722 184 214 723 191 216 724 190 215 725 188 217 726 192 218 727 191 216 728 186 219 729 189 213 730 192 218 731 187 220 732 181 221 733 183 222 734 184 214 735 186 219 736 188 217 737 185 223 738 189 213 739 181 221 740 191 216 741 185 223 742 187 220 743 190 215 744 187 220 745 183 222 746 181 221 747 190 215 748 183 222 749 196 224 750 198 225 751 197 226 752 194 227 753 198 228 754 193 229 755 195 230 756 199 231 757 194 232 758 195 233 759 197 234 760 200 235 761 197 226 762 102 155 763 120 154 764 199 236 765 102 237 766 198 228 767 200 238 768 103 148 769 199 231 770 200 235 771 120 133 772 119 138 773 193 239 774 213 240 775 194 241 776 193 242 777 208 243 778 212 244 779 196 245 780 204 246 781 208 247 782 194 232 783 204 248 784 195 230 785 204 246 786 207 249 787 208 247 788 203 250 789 206 251 790 207 249 791 202 252 792 205 253 793 206 251 794 201 254 795 121 126 796 205 253 797 208 243 798 211 255 799 212 244 800 207 256 801 210 257 802 211 255 803 206 258 804 209 259 805 210 257 806 205 260 807 104 139 808 209 259 809 213 240 810 211 261 811 214 262 812 214 262 813 210 263 814 215 264 815 215 264 816 209 265 817 216 266 818 216 266 819 104 111 820 105 110 821 213 267 822 203 268 823 204 248 824 214 269 825 202 270 826 203 268 827 215 271 828 201 272 829 202 270 830 201 272 831 105 110 832 124 127 833 221 273 834 220 274 835 223 275 836 223 275 837 222 276 838 221 273 839 225 277 840 224 278 841 227 279 842 227 279 843 226 280 844 225 277 845 231 281 846 230 282 847 229 283 848 229 283 849 228 284 850 218 285 851 231 281 852 229 283 853 218 285 854 219 286 855 231 281 856 218 285 857 236 287 858 235 288 859 238 289 860 238 289 861 237 290 862 236 287 863 240 291 864 239 292 865 242 293 866 242 293 867 241 294 868 240 291 869 234 295 870 246 296 871 245 297 872 245 297 873 244 298 874 243 299 875 234 295 876 245 297 877 243 299 878 233 300 879 234 295 880 243 299 881 220 301 882 235 302 883 236 303 884 236 303 885 223 304 886 220 301 887 225 277 888 242 293 889 237 290 890 237 290 891 222 276 892 225 277 893 224 305 894 239 306 895 240 307 896 240 307 897 227 308 898 224 305 899 217 309 900 232 310 901 241 294 902 241 294 903 226 280 904 217 309 905 219 311 906 233 312 907 243 313 908 243 313 909 231 314 910 219 311 911 228 315 912 246 316 913 234 317 914 234 317 915 218 318 916 228 315 917 247 319 918 248 320 919 245 321 920 245 321 921 229 322 922 247 319 923 249 323 924 250 324 925 248 320 926 248 320 927 247 319 928 249 323 929 231 314 930 243 313 931 244 325 932 244 326 933 230 282 934 231 281 935 247 327 936 229 283 937 230 282 938 230 328 939 249 329 940 247 330 941 250 331 942 244 298 943 245 297 944 245 297 945 248 332 946 250 331 947 229 322 948 245 321 949 246 316 950 246 316 951 228 315 952 229 322 953 230 282 954 244 326 955 250 324 956 250 324 957 249 323 958 230 282 959 222 276 960 223 275 961 224 278 962 224 278 963 225 277 964 222 276 965 226 280 966 227 279 967 96 333 968 96 333 969 217 309 970 226 280 971 239 292 972 236 287 973 237 290 974 237 290 975 242 293 976 239 292 977 271 334 978 240 291 979 241 294 980 241 294 981 232 310 982 271 334 983 224 305 984 223 304 985 236 303 986 236 303 987 239 306 988 224 305 989 221 273 990 222 276 991 237 290 992 237 290 993 238 289 994 221 273 995 96 335 996 227 308 997 240 307 998 240 307 999 271 336 1000 96 335 1001 225 277 1002 226 280 1003 241 294 1004 241 294 1005 242 293 1006 225 277 1007 251 337 1008 252 338 1009 253 339 1010 251 337 1011 253 339 1012 254 340 1013 251 337 1014 254 340 1015 255 341 1016 251 337 1017 255 341 1018 256 342 1019 251 337 1020 256 342 1021 257 343 1022 251 337 1023 257 343 1024 252 338 1025 252 338 1026 258 344 1027 259 345 1028 259 345 1029 253 339 1030 252 338 1031 253 339 1032 259 345 1033 260 346 1034 260 346 1035 254 340 1036 253 339 1037 254 340 1038 260 346 1039 261 347 1040 261 347 1041 255 341 1042 254 340 1043 255 341 1044 261 347 1045 262 348 1046 262 348 1047 256 342 1048 255 341 1049 256 342 1050 262 348 1051 263 349 1052 263 349 1053 257 343 1054 256 342 1055 257 343 1056 263 349 1057 258 344 1058 258 344 1059 252 338 1060 257 343 1061 258 344 1062 264 350 1063 265 351 1064 265 351 1065 259 345 1066 258 344 1067 259 345 1068 265 351 1069 266 352 1070 266 352 1071 260 346 1072 259 345 1073 260 346 1074 266 352 1075 267 353 1076 267 353 1077 261 347 1078 260 346 1079 261 347 1080 267 353 1081 268 354 1082 268 354 1083 262 348 1084 261 347 1085 262 348 1086 268 354 1087 269 355 1088 269 355 1089 263 349 1090 262 348 1091 263 349 1092 269 355 1093 264 350 1094 264 350 1095 258 344 1096 263 349 1097 264 350 1098 270 356 1099 265 351 1100 265 351 1101 270 356 1102 266 352 1103 266 352 1104 270 356 1105 267 353 1106 267 353 1107 270 356 1108 268 354 1109 268 354 1110 270 356 1111 269 355 1112 269 355 1113 270 356 1114 264 350 1115 275 357 1116 277 358 1117 276 359 1118 273 360 1119 277 361 1120 272 362 1121 274 363 1122 278 364 1123 273 365 1124 274 366 1125 276 367 1126 279 368 1127 276 359 1128 218 318 1129 234 317 1130 278 369 1131 218 370 1132 277 361 1133 279 371 1134 219 311 1135 278 364 1136 279 368 1137 234 295 1138 233 300 1139 272 372 1140 292 373 1141 273 374 1142 272 375 1143 287 376 1144 291 377 1145 275 378 1146 283 379 1147 287 380 1148 273 365 1149 283 381 1150 274 363 1151 283 379 1152 286 382 1153 287 380 1154 282 383 1155 285 384 1156 286 382 1157 281 385 1158 284 386 1159 285 384 1160 280 387 1161 235 288 1162 284 386 1163 287 376 1164 290 388 1165 291 377 1166 286 389 1167 289 390 1168 290 388 1169 285 391 1170 288 392 1171 289 390 1172 284 393 1173 220 301 1174 288 392 1175 292 373 1176 290 394 1177 293 395 1178 293 395 1179 289 396 1180 294 397 1181 294 397 1182 288 398 1183 295 399 1184 295 399 1185 220 274 1186 221 273 1187 292 400 1188 282 401 1189 283 381 1190 293 402 1191 281 403 1192 282 401 1193 294 404 1194 280 405 1195 281 403 1196 280 405 1197 221 273 1198 238 289 1199 61 0 1200 4 7 1201 5 1 1202 79 3 1203 2 10 1204 81 4 1205 61 0 1206 0 74 1207 3 6 1208 3 6 1209 7 14 1210 8 8 1211 4 7 1212 8 8 1213 9 9 1214 2 10 1215 6 12 1216 82 11 1217 6 12 1218 10 20 1219 83 13 1220 7 14 1221 11 17 1222 12 15 1223 8 8 1224 12 15 1225 13 16 1226 11 17 1227 15 92 1228 16 18 1229 12 15 1230 16 18 1231 17 19 1232 10 20 1233 14 90 1234 84 21 1235 84 21 1236 14 90 1237 18 22 1238 16 18 1239 15 92 1240 19 24 1241 16 18 1242 20 25 1243 21 26 1244 21 26 1245 20 25 1246 24 27 1247 85 23 1248 18 22 1249 22 29 1250 20 25 1251 19 24 1252 23 31 1253 86 30 1254 22 29 1255 26 32 1256 24 27 1257 23 31 1258 27 34 1259 25 28 1260 24 27 1261 28 35 1262 29 36 1263 28 35 1264 31 37 1265 87 33 1266 26 32 1267 78 39 1268 27 34 1269 30 42 1270 31 37 1271 78 39 1272 33 45 1273 89 41 1274 30 42 1275 34 47 1276 35 43 1277 32 38 1278 31 37 1279 35 43 1280 33 45 1281 37 50 1282 90 46 1283 34 47 1284 38 52 1285 39 48 1286 36 44 1287 35 43 1288 39 48 1289 37 50 1290 41 55 1291 91 51 1292 38 52 1293 42 57 1294 43 53 1295 40 49 1296 39 48 1297 43 53 1298 41 55 1299 45 89 1300 92 56 1301 42 57 1302 46 62 1303 47 58 1304 44 54 1305 43 53 1306 47 58 1307 92 56 1308 45 89 1309 49 60 1310 46 62 1311 50 66 1312 51 63 1313 48 59 1314 47 58 1315 51 63 1316 49 60 1317 53 72 1318 94 65 1319 50 66 1320 54 69 1321 55 67 1322 52 64 1323 51 63 1324 55 67 1325 54 69 1326 58 91 1327 59 70 1328 56 68 1329 55 67 1330 59 70 1331 53 72 1332 57 93 1333 95 73 1334 95 73 1335 57 93 1336 79 3 1337 59 70 1338 58 91 1339 0 74 1340 59 70 1341 61 0 1342 1 2 1343 70 75 1344 62 88 1345 63 76 1346 63 76 1347 64 86 1348 72 78 1349 72 78 1350 64 86 1351 65 79 1352 65 79 1353 66 82 1354 74 81 1355 66 82 1356 67 406 1357 75 83 1358 75 83 1359 67 406 1360 68 84 1361 64 86 1362 63 76 1363 62 88 1364 62 88 1365 69 407 1366 64 86 1367 69 407 1368 68 84 1369 64 86 1370 68 84 1371 67 406 1372 66 82 1373 66 82 1374 65 79 1375 68 84 1376 68 84 1377 69 407 1378 77 87 1379 77 87 1380 69 407 1381 62 88 1382 53 72 1383 77 87 1384 70 75 1385 76 85 1386 77 87 1387 53 72 1388 75 83 1389 76 85 1390 45 89 1391 74 81 1392 75 83 1393 37 50 1394 22 29 1395 73 80 1396 74 81 1397 14 90 1398 72 78 1399 73 80 1400 6 12 1401 71 77 1402 72 78 1403 70 75 1404 71 77 1405 6 12 1406 58 91 1407 95 73 1408 80 5 1409 54 69 1410 94 65 1411 95 73 1412 50 66 1413 93 61 1414 94 65 1415 46 62 1416 92 56 1417 93 61 1418 42 57 1419 91 51 1420 92 56 1421 38 52 1422 90 46 1423 91 51 1424 89 41 1425 90 46 1426 38 52 1427 88 40 1428 89 41 1429 34 47 1430 87 33 1431 88 40 1432 30 42 1433 86 30 1434 87 33 1435 27 34 1436 85 23 1437 86 30 1438 23 31 1439 84 21 1440 85 23 1441 19 24 1442 83 13 1443 84 21 1444 15 92 1445 82 11 1446 83 13 1447 11 17 1448 81 4 1449 82 11 1450 7 14 1451 80 5 1452 81 4 1453 3 6 1454 118 98 1455 180 212 1456 178 99 1457 116 100 1458 178 99 1459 179 124 1460 97 101 1461 177 103 1462 180 212 1463 189 213 1464 182 408 1465 184 214 1466 184 214 1467 188 217 1468 191 216 1469 188 217 1470 186 219 1471 192 218 1472 186 219 1473 182 408 1474 189 213 1475 187 220 1476 185 223 1477 181 221 1478 184 214 1479 182 408 1480 186 219 1481 185 223 1482 192 218 1483 189 213 1484 191 216 1485 192 218 1486 185 223 1487 190 215 1488 191 216 1489 187 220 1490 181 221 1491 189 213 1492 190 215 1493 196 224 1494 193 242 1495 198 225 1496 194 227 1497 199 236 1498 198 228 1499 195 230 1500 200 238 1501 199 231 1502 195 233 1503 196 245 1504 197 234 1505 197 226 1506 198 225 1507 102 155 1508 199 236 1509 103 409 1510 102 237 1511 200 238 1512 119 149 1513 103 148 1514 200 235 1515 197 234 1516 120 133 1517 193 239 1518 212 410 1519 213 240 1520 193 242 1521 196 224 1522 208 243 1523 196 245 1524 195 233 1525 204 246 1526 194 232 1527 213 267 1528 204 248 1529 204 246 1530 203 250 1531 207 249 1532 203 250 1533 202 252 1534 206 251 1535 202 252 1536 201 254 1537 205 253 1538 201 254 1539 124 127 1540 121 126 1541 208 243 1542 207 256 1543 211 255 1544 207 256 1545 206 258 1546 210 257 1547 206 258 1548 205 260 1549 209 259 1550 205 260 1551 121 140 1552 104 139 1553 213 240 1554 212 410 1555 211 261 1556 214 262 1557 211 261 1558 210 263 1559 215 264 1560 210 263 1561 209 265 1562 216 266 1563 209 265 1564 104 111 1565 213 267 1566 214 269 1567 203 268 1568 214 269 1569 215 271 1570 202 270 1571 215 271 1572 216 411 1573 201 272 1574 201 272 1575 216 411 1576 105 110 1577 275 357 1578 272 375 1579 277 358 1580 273 360 1581 278 369 1582 277 361 1583 274 363 1584 279 371 1585 278 364 1586 274 366 1587 275 378 1588 276 367 1589 276 359 1590 277 358 1591 218 318 1592 278 369 1593 219 412 1594 218 370 1595 279 371 1596 233 312 1597 219 311 1598 279 368 1599 276 367 1600 234 295 1601 272 372 1602 291 413 1603 292 373 1604 272 375 1605 275 357 1606 287 376 1607 275 378 1608 274 366 1609 283 379 1610 273 365 1611 292 400 1612 283 381 1613 283 379 1614 282 383 1615 286 382 1616 282 383 1617 281 385 1618 285 384 1619 281 385 1620 280 387 1621 284 386 1622 280 387 1623 238 289 1624 235 288 1625 287 376 1626 286 389 1627 290 388 1628 286 389 1629 285 391 1630 289 390 1631 285 391 1632 284 393 1633 288 392 1634 284 393 1635 235 302 1636 220 301 1637 292 373 1638 291 413 1639 290 394 1640 293 395 1641 290 394 1642 289 396 1643 294 397 1644 289 396 1645 288 398 1646 295 399 1647 288 398 1648 220 274 1649 292 400 1650 293 402 1651 282 401 1652 293 402 1653 294 404 1654 281 403 1655 294 404 1656 295 414 1657 280 405 1658 280 405 1659 295 414 1660 221 273 1661</p>
        </triangles>
      </mesh>
    </geometry>
  </library_geometries>
  <library_visual_scenes>
    <visual_scene id="Scene" name="Scene">
      <node id="LED_spotlight" name="LED_spotlight" type="NODE">
        <matrix sid="transform">0.56 0 0 5.20143e-4 0 0.7 0 -0.003211218 0 0 0.7 0.1337352 0 0 0 1</matrix>
        <instance_geometry url="#Mesh_403-mesh" name="LED_spotlight">
          <bind_material>
            <technique_common>
              <instance_material symbol="off_road_lights_glass_highbeam-material" target="#off_road_lights_glass_highbeam-material">
                <bind_vertex_input semantic="Mesh_061-mesh-map-0" input_semantic="TEXCOORD" input_set="0"/>
              </instance_material>
            </technique_common>
          </bind_material>
        </instance_geometry>
      </node>
      <node id="LED_spotlight_glass" name="LED_spotlight_glass" type="NODE">
        <matrix sid="transform">0.56 0 0 5.2363e-4 0 0.7 0 -0.02291837 0 0 0.7 0.1342382 0 0 0 1</matrix>
        <instance_geometry url="#Mesh_402-mesh" name="LED_spotlight_glass">
          <bind_material>
            <technique_common>
              <instance_material symbol="off_road_lights_glass_highbeam-material" target="#off_road_lights_glass_highbeam-material">
                <bind_vertex_input semantic="Mesh_062-mesh-map-0" input_semantic="TEXCOORD" input_set="0"/>
              </instance_material>
            </technique_common>
          </bind_material>
        </instance_geometry>
      </node>
      <node id="spotlight_base" name="spotlight_base" type="NODE">
        <matrix sid="transform">-0.05432696 1.10216e-15 -6.69318e-9 0 -1.10216e-15 0.05432696 1.19114e-8 1.88156e-9 8.20314e-9 1.45986e-8 -0.04432696 0.05628972 0 0 0 1</matrix>
        <instance_geometry url="#Cone_001-mesh" name="spotlight_base">
          <bind_material>
            <technique_common>
              <instance_material symbol="off_road_lights-material" target="#off_road_lights-material">
                <bind_vertex_input semantic="UVMap" input_semantic="TEXCOORD" input_set="0"/>
                <bind_vertex_input semantic="Mesh_014-mesh-map-0" input_semantic="TEXCOORD" input_set="1"/>
              </instance_material>
            </technique_common>
          </bind_material>
        </instance_geometry>
      </node>
    </visual_scene>
  </library_visual_scenes>
  <scene>
    <instance_visual_scene url="#Scene"/>
  </scene>
</COLLADA>